Elapsed Time,Absolute x coordinate,Absolute y coordinate,eyeGazePdfUpperRect.x,eyeGazePdfUpperRect.y,eyeGazePdfUpperRect.height,eyeGazePdfUpperRect.width,eyeGazePdfLowerRect.x,eyeGazePdfLowerRect.y,eyeGazePdfLowerRect.height,eyeGazePdfLowerRect.width,upper page number,lower page number
383283.455000001,-366,298,299,0,288,768,299,480,288,768,7,8
383435.194999998,146,540,299,0,288,768,299,480,288,768,7,8
383555.31,1218,-1276,299,0,288,768,299,480,288,768,7,8
383669.239999999,49,841,299,0,288,768,299,480,288,768,7,8
383782.694999998,250,186,299,0,288,768,299,480,288,768,7,8
383900.385000001,361,672,299,0,288,768,299,480,288,768,7,8
384017.379999997,1163,56,299,0,288,768,299,480,288,768,7,8
384136.139999999,1210,-146,299,0,288,768,299,480,288,768,7,8
384250.939999998,709,349,299,0,288,768,299,480,288,768,7,8
384353.005000001,30,490,299,0,288,768,299,480,288,768,7,8
384471.395,3224,-595,299,0,288,768,299,480,288,768,7,8
384581.214999998,753,3,299,0,288,768,299,480,288,768,7,8
384698.489999999,3413,342,299,0,288,768,299,480,288,768,7,8
384816.23,1225,-523,299,0,288,768,299,480,288,768,7,8
384949.004999999,-4,842,299,0,288,768,299,480,288,768,7,8
385046.644999999,2211,310,299,0,288,768,299,480,288,768,7,8
385157.404999998,777,197,299,0,288,768,299,480,288,768,7,8
385268.86,210,604,299,0,288,768,299,480,288,768,7,8
385383.734999999,-554,1332,299,0,288,768,299,480,288,768,7,8
385497.069999998,-253,1387,299,0,288,768,299,480,288,768,7,8
385618.175,-82,1667,299,0,288,768,299,480,288,768,7,8
385732.86,2319,-1595,299,0,288,768,299,480,288,768,7,8
385848.900000001,1295,-343,299,0,288,768,299,480,288,768,7,8
385954.239999999,2234,10,299,0,288,768,299,480,288,768,7,8
386067.814999999,-570,1823,299,0,288,768,299,480,288,768,7,8
386169.705,1137,24,299,0,288,768,299,480,288,768,7,8
386284.165000001,-1753,932,299,0,288,768,299,480,288,768,7,8
386402.985000001,773,-521,299,0,288,768,299,480,288,768,7,8
386507.725,-235,402,299,0,288,768,299,480,288,768,7,8
386620.374999999,74,13,299,0,288,768,299,480,288,768,7,8
386733.58,507,-303,299,0,288,768,299,480,288,768,7,8
386850.65,-812,847,299,0,288,768,299,480,288,768,7,8
386968.414999999,23,214,299,0,288,768,299,480,288,768,7,8
387068.564999998,335,-97,299,0,288,768,299,480,288,768,7,8
387176.820000001,1244,-441,299,0,288,768,299,480,288,768,7,8
387285.515,-2141,2049,299,0,288,768,299,480,288,768,7,8
387400.294999999,262,-411,299,0,288,768,299,480,288,768,7,8
387524.819999999,1214,102,299,0,288,768,299,480,288,768,7,8
387651.64,753,113,299,0,288,768,299,480,288,768,7,8
387761.299999998,3042,-1009,299,0,288,768,299,480,288,768,7,8
387889.589999999,1206,24,299,0,288,768,299,480,288,768,7,8
388000.375,1816,-211,299,0,288,768,299,480,288,768,7,8
388099.804999998,2264,-1209,299,0,288,768,299,480,288,768,7,8
388220.275,2651,-1437,299,0,288,768,299,480,288,768,7,8
388333.469999998,2,368,299,0,288,768,299,480,288,768,7,8
388442.639999997,10,-292,299,0,288,768,299,480,288,768,7,8
388568.599999999,-1149,991,299,0,288,768,299,480,288,768,7,8
388686.894999999,164,706,299,0,288,768,299,480,288,768,7,8
388800.520000001,2606,46,299,0,288,768,299,480,288,768,7,8
388933.720000001,1635,460,299,0,288,768,299,480,288,768,7,8
389054.444999998,419,920,299,0,288,768,299,480,288,768,7,8
389166.229999999,1247,94,299,0,288,768,299,480,288,768,7,8
389269.649999998,-331,2472,299,0,288,768,299,480,288,768,7,8
389384.875,737,810,299,0,288,768,299,480,288,768,7,8
389500.004999998,2477,-1030,299,0,288,768,299,480,288,768,7,8
389601.439999999,701,-641,299,0,288,768,299,480,288,768,7,8
389712.844999998,164,1924,299,0,288,768,299,480,288,768,7,8
389819.714999998,985,372,299,0,288,768,299,480,288,768,7,8
389933.499999999,282,432,299,0,288,768,299,480,288,768,7,8
390053.759999999,-54,720,299,0,288,768,299,480,288,768,7,8
390168.809999999,1083,-413,299,0,288,768,299,480,288,768,7,8
390287.359999998,1401,-459,299,0,288,768,299,480,288,768,7,8
390393.209999998,1468,-435,299,0,288,768,299,480,288,768,7,8
390492.394999997,1754,-263,299,0,288,768,299,480,288,768,7,8
390597.784999998,1547,-842,299,0,288,768,299,480,288,768,7,8
390693.195,-1367,1982,299,0,288,768,299,480,288,768,7,8
390817.96,-1488,2614,299,0,288,768,299,480,288,768,7,8
390921.624999999,2884,-1366,299,0,288,768,299,480,288,768,7,8
391034.629999998,-1777,3837,299,0,288,768,299,480,288,768,7,8
391168.845,363,2226,299,0,288,768,299,480,288,768,7,8
391288.17,225,1666,299,0,288,768,299,480,288,768,7,8
391394.434999998,238,987,299,0,288,768,299,480,288,768,7,8
391501.529999998,949,72,299,0,288,768,299,480,288,768,7,8
391621.189999998,-94,654,299,0,288,768,299,480,288,768,7,8
391725.944999998,370,1928,299,0,288,768,299,480,288,768,7,8
391836.775,1468,-533,299,0,288,768,299,480,288,768,7,8
391968.819999998,2185,434,299,0,288,768,299,480,288,768,7,8
392071.905000001,1656,208,299,0,288,768,299,480,288,768,7,8
392187.884999999,384,1642,299,0,288,768,299,480,288,768,7,8
392300.39,1859,-28,299,0,288,768,299,480,288,768,7,8
392400.460000001,2401,-1023,299,0,288,768,299,480,288,768,7,8
392517.329999999,-526,1486,299,0,288,768,299,480,288,768,7,8
392637.315,1660,-914,299,0,288,768,299,480,288,768,7,8
392752.850000001,-138,1194,299,0,288,768,299,480,288,768,7,8
392859.369999998,-175,814,299,0,288,768,299,480,288,768,7,8
392972.859999998,-2781,2029,299,0,288,768,299,480,288,768,7,8
393084.39,248,700,299,0,288,768,299,480,288,768,7,8
393202.129999998,1074,300,299,0,288,768,299,480,288,768,7,8
393317.230000001,215,406,299,0,288,768,299,480,288,768,7,8
393435.79,305,36,299,0,288,768,299,480,288,768,7,8
393568.084999999,-177,829,299,0,288,768,299,480,288,768,7,8
393672.845000001,-1081,1227,299,0,288,768,299,480,288,768,7,8
393784.459999999,636,1407,299,0,288,768,299,480,288,768,7,8
393901.855,-567,1509,299,0,288,768,299,480,288,768,7,8
394004.720000001,626,216,299,0,288,768,299,480,288,768,7,8
394118.119999999,387,1485,299,0,288,768,299,480,288,768,7,8
394217.01,1808,-434,299,0,288,768,299,480,288,768,7,8
394334.579999999,1456,271,299,0,288,768,299,480,288,768,7,8
394450.91,504,633,299,0,288,768,299,480,288,768,7,8
394560.869999998,730,136,299,0,288,768,299,480,288,768,7,8
394672.334999999,1208,957,299,0,288,768,299,480,288,768,7,8
394787.795,727,285,299,0,288,768,299,480,288,768,7,8
394997.820000001,-346,1212,299,0,288,768,299,480,288,768,7,8
395106.175000001,1354,16,299,0,288,768,299,480,288,768,7,8
395257.874999999,-1310,1649,299,0,288,768,299,480,288,768,7,8
395384.934999998,-1280,609,299,0,288,768,299,480,288,768,7,8
395488.794999997,-1497,1583,299,0,288,768,299,480,288,768,7,8
395607.345,-332,369,299,0,288,768,299,480,288,768,7,8
395719.645000001,440,1061,299,0,288,768,299,480,288,768,7,8
395838.71,509,974,299,0,288,768,299,480,288,768,7,8
395985.454999998,511,1173,299,0,288,768,299,480,288,768,7,8
396101.8,1921,-1569,299,0,288,768,299,480,288,768,7,8
396218.314999998,-367,1809,299,0,288,768,299,480,288,768,7,8
396345.150000001,175,19,299,0,288,768,299,480,288,768,7,8
396448.919999999,265,1346,299,0,288,768,299,480,288,768,7,8
396572.294999998,-343,2201,299,0,288,768,299,480,288,768,7,8
396683.31,-260,468,299,0,288,768,299,480,288,768,7,8
396796.824999998,803,-219,299,0,288,768,299,480,288,768,7,8
396900.565,-115,1676,299,0,288,768,299,480,288,768,7,8
397017.12,-337,1538,299,0,288,768,299,480,288,768,7,8
397122.779999998,-777,840,299,0,288,768,299,480,288,768,7,8
397251.990000001,188,1174,299,0,288,768,299,480,288,768,7,8
397372.574999998,-402,841,299,0,288,768,299,480,288,768,7,8
397488.144999999,534,402,299,0,288,768,299,480,288,768,7,8
397603.779999998,584,32,299,0,288,768,299,480,288,768,7,8
397707.79,597,1031,299,0,288,768,299,480,288,768,7,8
397813.95,-91,1125,299,0,288,768,299,480,288,768,7,8
397920.309999998,290,-99,299,0,288,768,299,480,288,768,7,8
398038.059999999,723,278,299,0,288,768,299,480,288,768,7,8
398136.695000001,646,932,299,0,288,768,299,480,288,768,7,8
398248.659999997,788,-17,299,0,288,768,299,480,288,768,7,8
398363.194999998,300,307,299,0,288,768,299,480,288,768,7,8
398470.655000001,-535,803,299,0,288,768,299,480,288,768,7,8
398571.345,318,904,299,0,288,768,299,480,288,768,7,8
398688.514999998,749,1082,299,0,288,768,299,480,288,768,7,8
398801.514999999,386,1252,299,0,288,768,299,480,288,768,7,8
398921.839999999,-132,1440,299,0,288,768,299,480,288,768,7,8
399052.734999997,1140,-307,299,0,288,768,299,480,288,768,7,8
399150.569999998,-708,1266,299,0,288,768,299,480,288,768,7,8
399254.044999998,1110,279,299,0,288,768,299,480,288,768,7,8
399373.564999998,861,-476,299,0,288,768,299,480,288,768,7,8
399487.044999998,463,1344,299,0,288,768,299,480,288,768,7,8
399606.895000001,210,1162,299,0,288,768,299,480,288,768,7,8
399735.034999998,1607,-703,299,0,288,768,299,480,288,768,7,8
399854.335,-211,760,299,0,288,768,299,480,288,768,7,8
399986.744999998,-255,1526,299,0,288,768,299,480,288,768,7,8
400105.11,1122,-126,299,0,288,768,299,480,288,768,7,8
400202.064999998,92,871,299,0,288,768,299,480,288,768,7,8
400319.42,-70,1588,299,0,288,768,299,480,288,768,7,8
400421.695000001,1502,549,299,0,288,768,299,480,288,768,7,8
400539.115,1214,300,299,0,288,768,299,480,288,768,7,8
400667.074999998,1101,245,299,0,288,768,299,480,288,768,7,8
400768.550000001,745,297,299,0,288,768,299,480,288,768,7,8
400876.43,33,919,299,0,288,768,299,480,288,768,7,8
400990.664999998,1258,44,299,0,288,768,299,480,288,768,7,8
401121.429999999,1419,-1,299,0,288,768,299,480,288,768,7,8
401228.005000001,900,738,299,0,288,768,299,480,288,768,7,8
401331.914999999,1051,664,299,0,288,768,299,480,288,768,7,8
401431.079999998,855,104,299,0,288,768,299,480,288,768,7,8
401538.404999999,854,608,299,0,288,768,299,480,288,768,7,8
401639.800000001,715,-371,299,0,288,768,299,480,288,768,7,8
401771.850000001,367,731,299,0,288,768,299,480,288,768,7,8
401889.289999999,180,824,299,0,288,768,299,480,288,768,7,8
402003.984999999,1440,193,299,0,288,768,299,480,288,768,7,8
402105.465000001,1701,133,299,0,288,768,299,480,288,768,7,8
402237.024999999,-1326,1468,299,0,288,768,299,480,288,768,7,8
402356.28,1655,-953,299,0,288,768,299,480,288,768,7,8
402469.935000001,1585,-341,299,0,288,768,299,480,288,768,7,8
402592.764999998,284,892,299,0,288,768,299,480,288,768,7,8
402735.835,-347,1696,299,0,288,768,299,480,288,768,7,8
402870.029999998,-541,848,299,0,288,768,299,480,288,768,7,8
403003.685,648,955,299,0,288,768,299,480,288,768,7,8
403127.199999999,1300,3254,299,0,288,768,299,480,288,768,7,8
403275.985,3019,-1593,299,0,288,768,299,480,288,768,7,8
403395.614999998,-692,1518,299,0,288,768,299,480,288,768,7,8
403526.839999999,3398,-1494,299,0,288,768,299,480,288,768,7,8
403688.529999999,487,881,299,0,288,768,299,480,288,768,7,8
403799.364999999,1526,-246,299,0,288,768,299,480,288,768,7,8
403906.96,-289,712,299,0,288,768,299,480,288,768,7,8
404041.564999999,949,689,299,0,288,768,299,480,288,768,7,8
404179.179999999,-150,1283,299,0,288,768,299,480,288,768,7,8
404312.575,-440,1203,299,0,288,768,299,480,288,768,9,8
404484.109999998,1261,477,299,0,288,768,299,480,288,768,9,8
404625.769999999,-2514,2314,299,0,288,768,299,480,288,768,9,8
404736.849999998,824,1372,299,0,288,768,299,480,288,768,9,8
404862.2,1569,146,299,0,288,768,299,480,288,768,9,8
404994.305,2054,193,299,0,288,768,299,480,288,768,9,8
405129.505000001,204,384,299,0,288,768,299,480,288,768,9,8
405249.084999999,1142,-900,299,0,288,768,299,480,288,768,9,8
405362.9,1430,-716,299,0,288,768,299,480,288,768,9,8
405464.329999999,619,897,299,0,288,768,299,480,288,768,9,8
405570.345,-117,1030,299,0,288,768,299,480,288,768,9,8
405673.920000001,1328,839,299,0,288,768,299,480,288,768,9,8
405791.429999998,2001,111,299,0,288,768,299,480,288,768,9,8
405904.575,1736,-50,299,0,288,768,299,480,288,768,9,8
406024.574999999,416,1248,299,0,288,768,299,480,288,768,9,8
406132.689999999,-590,1602,299,0,288,768,299,480,288,768,9,8
406256.024999999,1015,1037,299,0,288,768,299,480,288,768,9,8
406372.244999999,407,855,299,0,288,768,299,480,288,768,9,8
406490.174999999,250,1826,299,0,288,768,299,480,288,768,9,8
406609.249999998,-25,999,299,0,288,768,299,480,288,768,9,8
406721.47,1020,1279,299,0,288,768,299,480,288,768,9,8
406826.095,1653,827,299,0,288,768,299,480,288,768,9,8
406933.705,276,509,299,0,288,768,299,480,288,768,9,8
407042.705,141,1775,299,0,288,768,299,480,288,768,9,8
407146.065000001,1728,404,299,0,288,768,299,480,288,768,9,8
407241.295,3009,-230,299,0,288,768,299,480,288,768,9,8
407355.244999999,166,2123,299,0,288,768,299,480,288,768,9,8
407472.099999999,2290,-100,299,0,288,768,299,480,288,768,9,8
407587.97,3671,-1264,299,0,288,768,299,480,288,768,9,8
407704.275,3229,-1564,299,0,288,768,299,480,288,768,9,8
407820.734999998,1104,-905,299,0,288,768,299,480,288,768,9,8
407923.98,-168,779,299,0,288,768,299,480,288,768,9,8
408043.005,1484,572,299,0,288,768,299,480,288,768,9,8
408153.24,278,952,299,0,288,768,299,480,288,768,9,8
408270.464999998,1954,856,299,0,288,768,299,480,288,768,9,8
408388.009999999,2556,-170,299,0,288,768,299,480,288,768,9,8
408521.539999998,986,1690,299,0,288,768,299,480,288,768,9,8
408653.66,1632,501,299,0,288,768,299,480,288,768,9,8
408759.024999999,-515,423,299,0,288,768,299,480,288,768,9,8
408882.815000001,2299,-529,299,0,288,768,299,480,288,768,9,8
408989.07,2659,-180,299,0,288,768,299,480,288,768,9,8
409090.894999998,-636,1224,299,0,288,768,299,480,288,768,9,8
409206.920000001,1402,34,299,0,288,768,299,480,288,768,9,8
409312.839999999,1291,-749,299,0,288,768,299,480,288,768,9,8
409420.894999999,954,1306,299,0,288,768,299,480,288,768,9,8
409554.174999998,798,1248,299,0,288,768,299,480,288,768,9,8
409688.494999998,-408,67,299,0,288,768,299,480,288,768,9,8
409785.7,1202,-842,299,0,288,768,299,480,288,768,9,8
409888.479999998,1149,-353,299,0,288,768,299,480,288,768,9,8
410012.145000001,668,151,299,0,288,768,299,480,288,768,9,8
410112.985,378,1058,299,0,288,768,299,480,288,768,9,8
410221.959999999,-458,1061,299,0,288,768,299,480,288,768,9,8
410324.925000001,230,-90,299,0,288,768,299,480,288,768,9,8
410440.885,1736,-92,299,0,288,768,299,480,288,768,9,8
410555.844999999,982,-16,299,0,288,768,299,480,288,768,9,8
410673.524999998,1369,-61,299,0,288,768,299,480,288,768,9,8
410784.42,1534,-73,299,0,288,768,299,480,288,768,9,8
410883.62,30,540,299,0,288,768,299,480,288,768,9,8
410995.994999997,154,1209,299,0,288,768,299,480,288,768,9,8
411122.465,1287,-202,299,0,288,768,299,480,288,768,9,8
411241.08,-71,1319,299,0,288,768,299,480,288,768,9,8
411347.115000001,-962,1623,299,0,288,768,299,480,288,768,9,8
411471.405,2594,-584,299,0,288,768,299,480,288,768,9,8
411590.059999999,23,788,299,0,288,768,299,480,288,768,9,8
411709.175,71,1544,299,0,288,768,299,480,288,768,9,8
411823.349999999,397,421,299,0,288,768,299,480,288,768,9,8
411924.41,-225,2251,299,0,288,768,299,480,288,768,9,8
412022.829999998,-2,2134,299,0,288,768,299,480,288,768,9,8
412140.449999999,938,1064,299,0,288,768,299,480,288,768,9,8
412256.219999999,2249,-386,299,0,288,768,299,480,288,768,9,8
412375.895000001,-502,206,299,0,288,768,299,480,288,768,9,8
412490.460000001,1191,-1444,299,0,288,768,299,480,288,768,9,8
412607.789999998,988,-2169,299,0,288,768,299,480,288,768,9,8
412721.529999999,976,811,299,0,288,768,299,480,288,768,9,8
412841.454999998,1749,1302,299,0,288,768,299,480,288,768,9,8
412943.469999998,-487,1929,299,0,288,768,299,480,288,768,9,8
413072.099999998,1142,-566,299,0,288,768,299,480,288,768,9,8
413174.210000001,351,1240,299,0,288,768,299,480,288,768,9,8
413291.709999998,570,1303,299,0,288,768,299,480,288,768,9,8
413388.445000001,194,682,299,0,288,768,299,480,288,768,9,8
413493.254999998,300,2208,299,0,288,768,299,480,288,768,9,8
413727.25,1864,-73,299,0,288,768,299,480,288,768,9,8
413861.975,-1301,3576,299,0,288,768,299,480,288,768,9,8
413972.65,1353,950,299,0,288,768,299,480,288,768,9,8
414089.544999999,-175,1820,299,0,288,768,299,480,288,768,9,8
414193.1,1798,96,299,0,288,768,299,480,288,768,9,8
414305.550000001,2020,281,299,0,288,768,299,480,288,768,9,8
414400.07,1225,614,299,0,288,768,299,480,288,768,9,8
414503.710000001,545,661,299,0,288,768,299,480,288,768,9,8
414608.884999998,762,401,299,0,288,768,299,480,288,768,9,8
414728.279999999,-432,1385,299,0,288,768,299,480,288,768,9,8
414846.125,3194,-929,299,0,288,768,299,480,288,768,9,8
414972.474999999,1388,45,299,0,288,768,299,480,288,768,9,8
415093.17,1052,-282,299,0,288,768,299,480,288,768,9,8
415205.204999998,1033,1029,299,0,288,768,299,480,288,768,9,8
415325.819999998,-435,328,299,0,288,768,299,480,288,768,9,8
415439.705000001,1735,-679,299,0,288,768,299,480,288,768,9,8
415576.02,1158,-466,299,0,288,768,299,480,288,768,9,8
415692.39,-26,1287,299,0,288,768,299,480,288,768,9,8
415806.474999998,1488,-988,299,0,288,768,299,480,288,768,9,8
415930.104999999,-693,159,299,0,288,768,299,480,288,768,9,8
416037.349999999,1218,-942,299,0,288,768,299,480,288,768,9,8
416159.540000001,767,-160,299,0,288,768,299,480,288,768,9,8
416267.594999998,-383,205,299,0,288,768,299,480,288,768,9,8
416376.635000001,181,230,299,0,288,768,299,480,288,768,9,8
416507.084999997,-1131,1709,299,0,288,768,299,480,288,768,9,8
416622.069999998,-498,1600,299,0,288,768,299,480,288,768,9,8
416739.484999998,53,867,299,0,288,768,299,480,288,768,9,8
416873.345,-1133,2605,299,0,288,768,299,480,288,768,9,8
416991.814999998,830,448,299,0,288,768,299,480,288,768,9,8
417092.199999999,584,919,299,0,288,768,299,480,288,768,9,8
417208.200000001,104,816,299,0,288,768,299,480,288,768,9,8
417325.264999999,807,274,299,0,288,768,299,480,288,768,9,8
417427.499999998,-242,1118,299,0,288,768,299,480,288,768,9,8
417541.849999998,1089,1061,299,0,288,768,299,480,288,768,9,8
417664.219999999,974,1016,299,0,288,768,299,480,288,768,9,8
417774.939999999,-889,2491,299,0,288,768,299,480,288,768,9,8
417897.265,1084,1253,299,0,288,768,299,480,288,768,9,8
418011.474999999,-644,510,299,0,288,768,299,480,288,768,9,8
418127.29,1215,1316,299,0,288,768,299,480,288,768,9,8
418234.710000001,-984,1188,299,0,288,768,299,480,288,768,9,8
418366.470000001,2094,-350,299,0,288,768,299,480,288,768,9,8
418473.395000001,-1597,1758,299,0,288,768,299,480,288,768,9,8
418574.339999999,-56,1770,299,0,288,768,299,480,288,768,9,8
418685.425,1049,-264,299,0,288,768,299,480,288,768,9,8
418775.405,314,470,299,0,288,768,299,480,288,768,9,8
418876.679999998,361,1335,299,0,288,768,299,480,288,768,9,8
418986.194999998,182,1232,299,0,288,768,299,480,288,768,9,8
419093.929999999,3013,-809,299,0,288,768,299,480,288,768,9,8
419206.35,-381,525,299,0,288,768,299,480,288,768,9,8
419305.280000001,1103,900,299,0,288,768,299,480,288,768,9,8
419398.789999999,274,573,299,0,288,768,299,480,288,768,9,8
419497.725000001,-922,2684,299,0,288,768,299,480,288,768,9,8
419602.025,-302,1197,299,0,288,768,299,480,288,768,9,8
419707.964999998,9,1512,299,0,288,768,299,480,288,768,9,8
419826.304999999,439,1024,299,0,288,768,299,480,288,768,9,8
419941.514999999,-137,1693,299,0,288,768,299,480,288,768,9,8
420034.905,326,1369,299,0,288,768,299,480,288,768,9,8
420145.854999999,728,788,299,0,288,768,299,480,288,768,9,8
420257.34,1046,1487,299,0,288,768,299,480,288,768,9,8
420352.179999998,-738,2777,299,0,288,768,299,480,288,768,9,8
420460.175,-579,2821,299,0,288,768,299,480,288,768,9,8
420576.32,1064,606,299,0,288,768,299,480,288,768,9,8
420689.119999999,-715,2163,299,0,288,768,299,480,288,768,9,8
420790.430000001,1633,-38,299,0,288,768,299,480,288,768,9,8
420911.365,1288,330,299,0,288,768,299,480,288,768,9,8
421022.829999998,1804,383,299,0,288,768,299,480,288,768,9,8
421123.230000001,75,1084,299,0,288,768,299,480,288,768,9,8
421225.190000001,2838,-634,299,0,288,768,299,480,288,768,9,8
421356.229999998,911,992,299,0,288,768,299,480,288,768,9,8
421490.425,4490,-526,299,0,288,768,299,480,288,768,9,8
421611.764999998,-421,2175,299,0,288,768,299,480,288,768,9,8
421725.409999999,303,837,299,0,288,768,299,480,288,768,9,8
421836.465,2136,541,299,0,288,768,299,480,288,768,9,8
421956.845000001,558,1225,299,0,288,768,299,480,288,768,9,8
422074.225,-849,1847,299,0,288,768,299,480,288,768,9,8
422176.084999999,1565,58,299,0,288,768,299,480,288,768,9,8
422291.784999998,613,1348,299,0,288,768,299,480,288,768,9,8
422424.684999998,279,959,299,0,288,768,299,480,288,768,9,8
422549.149999999,363,1065,299,0,288,768,299,480,288,768,9,8
422653.989999999,-289,1646,299,0,288,768,299,480,288,768,9,8
422756.484999998,414,-264,299,0,288,768,299,480,288,768,9,8
422858.609999999,781,1900,299,0,288,768,299,480,288,768,9,8
422976.759999998,971,1035,299,0,288,768,299,480,288,768,9,8
423091.399999997,-240,1615,299,0,288,768,299,480,288,768,9,8
423224.180000001,689,984,299,0,288,768,299,480,288,768,9,8
423357.71,-301,707,299,0,288,768,299,480,288,768,9,8
423490.634999998,-347,1514,299,0,288,768,299,480,288,768,9,8
423584.899999998,1558,-510,299,0,288,768,299,480,288,768,9,8
423723.879999998,1076,567,299,0,288,768,299,480,288,768,9,8
423843.33,1436,1358,299,0,288,768,299,480,288,768,9,8
423951.675,1420,1078,299,0,288,768,299,480,288,768,9,8
424050.254999998,1508,-619,299,0,288,768,299,480,288,768,9,8
424158.724999998,268,-238,299,0,288,768,299,480,288,768,9,8
424261.445,-260,-202,299,0,288,768,299,480,288,768,9,8
424374.874999998,-290,1093,299,0,288,768,299,480,288,768,9,8
424498.149999999,-690,691,299,0,288,768,299,480,288,768,9,8
424642.400000001,1082,-979,299,0,288,768,299,480,288,768,9,8
424753.389999998,1262,509,299,0,288,768,299,480,288,768,9,8
424886.1,527,700,299,0,288,768,299,480,288,768,9,8
425018.400000001,1860,-651,299,0,288,768,299,480,288,768,9,8
425159.305000001,-268,730,299,0,288,768,299,480,288,768,9,8
425277.129999999,-587,1611,299,0,288,768,299,480,288,768,9,8
425425.765,-1428,2048,299,0,288,768,299,480,288,768,9,10
425582.064999999,2000,1025,299,0,288,768,299,480,288,768,9,10
425769.369999998,-798,2964,299,0,288,768,299,480,288,768,9,10
425890.149999999,-1649,2653,299,0,288,768,299,480,288,768,9,10
425991.555000001,519,1165,299,0,288,768,299,480,288,768,9,10
426112.290000001,-1247,1073,299,0,288,768,299,480,288,768,9,10
426227.684999998,492,1144,299,0,288,768,299,480,288,768,9,10
426353.619999998,-486,1059,299,0,288,768,299,480,288,768,9,10
426474.344999999,-357,910,299,0,288,768,299,480,288,768,9,10
426600.944999998,-174,1026,299,0,288,768,299,480,288,768,9,10
426702.03,667,-1045,299,0,288,768,299,480,288,768,9,10
426801.009999999,-3317,2628,299,0,288,768,299,480,288,768,9,10
426908.714999998,-300,1904,299,0,288,768,299,480,288,768,9,10
427005.375000001,-211,476,299,0,288,768,299,480,288,768,9,10
427103.134999998,1547,841,299,0,288,768,299,480,288,768,9,10
427225.719999999,-2807,3170,299,0,288,768,299,480,288,768,9,10
427344.9,1520,277,299,0,288,768,299,480,288,768,9,10
427462.844999998,235,340,299,0,288,768,299,480,288,768,9,10
427573.864999999,-1684,1384,299,0,288,768,299,480,288,768,9,10
427691.769999998,-127,810,299,0,288,768,299,480,288,768,9,10
427794.865,-572,731,299,0,288,768,299,480,288,768,9,10
427896.404999999,-1930,1259,299,0,288,768,299,480,288,768,9,10
428007.654999998,-510,1455,299,0,288,768,299,480,288,768,9,10
428116.624999999,92,59,299,0,288,768,299,480,288,768,9,10
428241.139999998,-776,2042,299,0,288,768,299,480,288,768,9,10
428374.804999999,953,845,299,0,288,768,299,480,288,768,9,10
428484.929999999,1404,625,299,0,288,768,299,480,288,768,9,10
428594.819999998,-229,829,299,0,288,768,299,480,288,768,9,10
428708.549999999,216,421,299,0,288,768,299,480,288,768,9,10
428841.710000001,892,-585,299,0,288,768,299,480,288,768,9,10
428940.53,465,871,299,0,288,768,299,480,288,768,9,10
429044.259999999,704,37,299,0,288,768,299,480,288,768,9,10
429142.284999998,1375,-1590,299,0,288,768,299,480,288,768,9,10
429274.064999998,243,460,299,0,288,768,299,480,288,768,9,10
429378.33,1673,-331,299,0,288,768,299,480,288,768,9,10
429495.899999998,675,1161,299,0,288,768,299,480,288,768,9,10
429610.085,994,-154,299,0,288,768,299,480,288,768,9,10
429741.845000001,20,424,299,0,288,768,299,480,288,768,9,10
429860.805,861,-12,299,0,288,768,299,480,288,768,9,10
429976.494999999,-209,291,299,0,288,768,299,480,288,768,9,10
430108.679999998,842,-744,299,0,288,768,299,480,288,768,9,10
430227.579999999,2469,-1081,299,0,288,768,299,480,288,768,9,10
430343.19,263,162,299,0,288,768,299,480,288,768,9,10
430441.1,849,-603,299,0,288,768,299,480,288,768,9,10
430541.649999999,-641,8,299,0,288,768,299,480,288,768,9,10
430662.665,1322,-486,299,0,288,768,299,480,288,768,9,10
430777.989999999,1296,-943,299,0,288,768,299,480,288,768,9,10
430912.59,632,-562,299,0,288,768,299,480,288,768,9,10
431042.324999999,1494,-163,299,0,288,768,299,480,288,768,9,10
431154.054999999,-1540,1070,299,0,288,768,299,480,288,768,9,10
431260.879999998,-1896,2170,299,0,288,768,299,480,288,768,9,10
431365.299999998,307,-302,299,0,288,768,299,480,288,768,9,10
431492.65,-346,581,299,0,288,768,299,480,288,768,9,10
431609.969999998,443,718,299,0,288,768,299,480,288,768,9,10
431743.524999998,2118,-106,299,0,288,768,299,480,288,768,9,10
431851.459999998,557,-194,299,0,288,768,299,480,288,768,9,10
431963.619999999,2196,-1655,299,0,288,768,299,480,288,768,9,10
432071.274999998,1331,-448,299,0,288,768,299,480,288,768,9,10
432184.955000001,1279,-1106,299,0,288,768,299,480,288,768,9,10
432359.795,-284,1025,299,0,288,768,299,480,288,768,9,10
432513.660000001,1016,-650,299,0,288,768,299,480,288,768,9,10
432641.424999998,-151,542,299,0,288,768,299,480,288,768,9,10
432759.989999999,1412,-449,299,0,288,768,299,480,288,768,9,10
432869.585,1905,-1530,299,0,288,768,299,480,288,768,9,10
432968.590000001,172,341,299,0,288,768,299,480,288,768,9,10
433075.294999999,418,88,299,0,288,768,299,480,288,768,9,10
433193.049999998,830,-277,299,0,288,768,299,480,288,768,9,10
433309.659999999,2740,-741,299,0,288,768,299,480,288,768,9,10
433414.304999998,2284,-316,299,0,288,768,299,480,288,768,9,10
433526.494999998,-621,2209,299,0,288,768,299,480,288,768,9,10
433660.169999999,2386,-1929,299,0,288,768,299,480,288,768,9,10
433768.43,1481,-46,299,0,288,768,299,480,288,768,9,10
433893.13,987,-70,299,0,288,768,299,480,288,768,9,10
434010.324999999,70,307,299,0,288,768,299,480,288,768,9,10
434127.355000001,-650,526,299,0,288,768,299,480,288,768,9,10
434243.279999999,984,-537,299,0,288,768,299,480,288,768,9,10
434360.065000001,331,-495,299,0,288,768,299,480,288,768,9,10
434479.025000001,-162,-98,299,0,288,768,299,480,288,768,9,10
434593.229999999,-23,1307,299,0,288,768,299,480,288,768,9,10
434695.449999999,2209,-891,299,0,288,768,299,480,288,768,9,10
434826.259999998,-662,-839,299,0,288,768,299,480,288,768,9,10
434946.029999999,544,919,299,0,288,768,299,480,288,768,9,10
435058.9,1693,-582,299,0,288,768,299,480,288,768,9,10
435193.384999999,1158,-1023,299,0,288,768,299,480,288,768,9,10
435309.6,1230,1054,299,0,288,768,299,480,288,768,9,10
435414.409999998,1920,-1092,299,0,288,768,299,480,288,768,9,10
435524.934999998,184,41,299,0,288,768,299,480,288,768,9,10
435646.430000001,1211,-261,299,0,288,768,299,480,288,768,9,10
435761.404999998,1758,-597,299,0,288,768,299,480,288,768,9,10
435881.754999999,227,22,299,0,288,768,299,480,288,768,9,10
435986.209999999,1084,578,299,0,288,768,299,480,288,768,9,10
436093.359999999,1459,-46,299,0,288,768,299,480,288,768,9,10
436212.554999998,2218,-1362,299,0,288,768,299,480,288,768,9,10
436327.069999999,1135,-291,299,0,288,768,299,480,288,768,9,10
436460.994999998,109,1189,299,0,288,768,299,480,288,768,9,10
436580.555,1861,-93,299,0,288,768,299,480,288,768,9,10
436693.974999998,2551,-1502,299,0,288,768,299,480,288,768,9,10
436829.285,1357,11,299,0,288,768,299,480,288,768,9,10
436931.815,1511,-1192,299,0,288,768,299,480,288,768,9,10
437030.934999999,740,598,299,0,288,768,299,480,288,768,9,10
437160.625,1646,173,299,0,288,768,299,480,288,768,9,10
437273.525000001,870,-246,299,0,288,768,299,480,288,768,9,10
437394.345000001,1200,128,299,0,288,768,299,480,288,768,9,10
437489.285,1267,-572,299,0,288,768,299,480,288,768,9,10
437588.335,648,-278,299,0,288,768,299,480,288,768,9,10
437688.459999998,1402,-500,299,0,288,768,299,480,288,768,9,10
437810.364999998,-228,619,299,0,288,768,299,480,288,768,9,10
437927.994999998,641,297,299,0,288,768,299,480,288,768,9,10
438044.784999998,-430,918,299,0,288,768,299,480,288,768,9,10
438160.625,356,-16,299,0,288,768,299,480,288,768,9,10
438277.744999999,931,-100,299,0,288,768,299,480,288,768,9,10
438390.524999999,1019,979,299,0,288,768,299,480,288,768,9,10
438510.109999999,2459,480,299,0,288,768,299,480,288,768,9,10
438619.210000001,1235,-783,299,0,288,768,299,480,288,768,9,10
438724.579999998,1046,281,299,0,288,768,299,480,288,768,9,10
438824.434999999,1600,768,299,0,288,768,299,480,288,768,9,10
438947.899999999,-255,1465,299,0,288,768,299,480,288,768,9,10
439061.999999998,1313,-565,299,0,288,768,299,480,288,768,9,10
439179.444999998,-464,432,299,0,288,768,299,480,288,768,9,10
439311.634999998,-132,1020,299,0,288,768,299,480,288,768,9,10
439429.01,1188,82,299,0,288,768,299,480,288,768,9,10
439544.23,1194,702,299,0,288,768,299,480,288,768,9,10
439647.265,2007,-1357,299,0,288,768,299,480,288,768,9,10
439749.294999998,897,-533,299,0,288,768,299,480,288,768,9,10
439895.430000001,8,616,299,0,288,768,299,480,288,768,9,10
440010.745,-564,1117,299,0,288,768,299,480,288,768,9,10
440105.745000001,3379,-453,299,0,288,768,299,480,288,768,9,10
440228.039999998,-77,916,299,0,288,768,299,480,288,768,9,10
440344.590000001,422,1532,299,0,288,768,299,480,288,768,9,10
440446.814999999,201,-25,299,0,288,768,299,480,288,768,9,10
440564.82,910,352,299,0,288,768,299,480,288,768,9,10
440678.309999999,-131,675,299,0,288,768,299,480,288,768,9,10
440799.725000001,-1136,1012,299,0,288,768,299,480,288,768,9,10
440908.889999999,78,620,299,0,288,768,299,480,288,768,9,10
441028.595,1212,378,299,0,288,768,299,480,288,768,9,10
441138.054999999,1500,484,299,0,288,768,299,480,288,768,9,10
441246.074999999,1052,1113,299,0,288,768,299,480,288,768,9,10
441377.994999999,816,859,299,0,288,768,299,480,288,768,9,10
441497.414999998,1098,21,299,0,288,768,299,480,288,768,9,10
441612.549999998,620,122,299,0,288,768,299,480,288,768,9,10
441745.500000001,619,58,299,0,288,768,299,480,288,768,9,10
441862.014999999,2354,-362,299,0,288,768,299,480,288,768,9,10
441977.559999999,344,-377,299,0,288,768,299,480,288,768,9,10
442112.160000001,-98,558,299,0,288,768,299,480,288,768,9,10
442212.680000001,832,-253,299,0,288,768,299,480,288,768,9,10
442344.999999998,526,-315,299,0,288,768,299,480,288,768,9,10
442465.639999999,144,-550,299,0,288,768,299,480,288,768,9,10
442573.564999999,1781,-1069,299,0,288,768,299,480,288,768,9,10
442711.739999999,2934,-1693,299,0,288,768,299,480,288,768,9,10
442844.47,351,765,299,0,288,768,299,480,288,768,9,10
442980.915,383,-454,299,0,288,768,299,480,288,768,9,10
443097.36,-674,829,299,0,288,768,299,480,288,768,9,10
443210.469999998,2055,-1293,299,0,288,768,299,480,288,768,9,10
443330.965000001,-601,761,299,0,288,768,299,480,288,768,9,10
443446.144999998,615,-1177,299,0,288,768,299,480,288,768,9,10
443571.589999999,959,-1086,299,0,288,768,299,480,288,768,9,10
443682.47,675,-180,299,0,288,768,299,480,288,768,9,10
443813.995,1981,-2490,299,0,288,768,299,480,288,768,9,10
443940.204999999,2222,-1061,299,0,288,768,299,480,288,768,9,10
444043.229999999,263,1112,299,0,288,768,299,480,288,768,9,10
444144.274999999,1120,-338,299,0,288,768,299,480,288,768,9,10
444245.595,826,-533,299,0,288,768,299,480,288,768,9,10
444349.094999998,-684,772,299,0,288,768,299,480,288,768,9,10
444478.964999998,252,740,299,0,288,768,299,480,288,768,9,10
444581.81,857,-132,299,0,288,768,299,480,288,768,9,10
444713.075,537,-1072,299,0,288,768,299,480,288,768,9,10
444815.340000001,-1155,1362,299,0,288,768,299,480,288,768,9,10
444945.104999999,-136,-266,299,0,288,768,299,480,288,768,9,10
445079.33,762,-267,299,0,288,768,299,480,288,768,9,10
445210.579999999,1170,15,299,0,288,768,299,480,288,768,9,10
445310.245000001,21,1083,299,0,288,768,299,480,288,768,9,10
445418.245000001,177,755,299,0,288,768,299,480,288,768,9,10
445531.954999999,1614,-210,299,0,288,768,299,480,288,768,9,10
445650.744999999,-138,668,299,0,288,768,299,480,288,768,9,10
445778.019999998,-1323,1949,299,0,288,768,299,480,288,768,9,10
445881.085000001,706,60,299,0,288,768,299,480,288,768,9,10
445997.274999998,912,-569,299,0,288,768,299,480,288,768,9,10
446107.410000001,-172,1278,299,0,288,768,299,480,288,768,9,10
446214.505,568,277,299,0,288,768,299,480,288,768,9,10
446331.464999999,152,-238,299,0,288,768,299,480,288,768,9,10
446445.479999998,521,163,299,0,288,768,299,480,288,768,9,10
446561.78,-694,24,299,0,288,768,299,480,288,768,9,10
446682.269999998,1790,-708,299,0,288,768,299,480,288,768,9,10
446795.975000001,1402,-1357,299,0,288,768,299,480,288,768,9,10
446928.639999998,1350,-418,299,0,288,768,299,480,288,768,9,10
447035.489999998,54,1016,299,0,288,768,299,480,288,768,9,10
447161.74,1569,753,299,0,288,768,299,480,288,768,9,10
447258.589999998,-590,898,299,0,288,768,299,480,288,768,9,10
447378.949999998,-599,125,299,0,288,768,299,480,288,768,9,10
447483.550000001,-1380,1052,299,0,288,768,299,480,288,768,9,10
447598.024999999,650,797,299,0,288,768,299,480,288,768,9,10
447716.189999999,-1214,1211,299,0,288,768,299,480,288,768,9,10
447829.289999998,-691,2001,299,0,288,768,299,480,288,768,9,10
447962.57,483,847,299,0,288,768,299,480,288,768,9,10
448096.314999999,1018,940,299,0,288,768,299,480,288,768,9,10
448213.165000001,551,181,299,0,288,768,299,480,288,768,9,10
448330.589999998,1098,-72,299,0,288,768,299,480,288,768,9,10
448450.91,-748,435,299,0,288,768,299,480,288,768,9,10
448562.389999999,807,830,299,0,288,768,299,480,288,768,9,10
448666.129999998,-245,943,299,0,288,768,299,480,288,768,9,10
448783.335,-654,1309,299,0,288,768,299,480,288,768,9,10
448898.945000001,1142,771,299,0,288,768,299,480,288,768,9,10
449015.039999998,-1202,1470,299,0,288,768,299,480,288,768,9,10
449118.244999998,862,187,299,0,288,768,299,480,288,768,9,10
449262.964999998,2028,57,299,0,288,768,299,480,288,768,9,10
449357.215,1549,608,299,0,288,768,299,480,288,768,9,10
449459.080000001,-849,1002,299,0,288,768,299,480,288,768,9,10
449561.040000001,1070,1047,299,0,288,768,299,480,288,768,9,10
449679.055000001,784,653,299,0,288,768,299,480,288,768,9,10
449797.989999999,901,-924,299,0,288,768,299,480,288,768,9,10
449915.580000001,1313,924,299,0,288,768,299,480,288,768,9,10
450030.264999998,1968,-749,299,0,288,768,299,480,288,768,9,10
450150.255000001,668,268,299,0,288,768,299,480,288,768,9,10
450268.114999999,-545,778,299,0,288,768,299,480,288,768,9,10
450383.594999999,-175,1361,299,0,288,768,299,480,288,768,9,10
450490.295,-279,261,299,0,288,768,299,480,288,768,9,10
450596.334999998,1086,-1578,299,0,288,768,299,480,288,768,9,10
450691.885,-376,271,299,0,288,768,299,480,288,768,9,10
450797.544999998,957,10,299,0,288,768,299,480,288,768,9,10
450919.79,122,819,299,0,288,768,299,480,288,768,9,10
451032.654999999,-318,-209,299,0,288,768,299,480,288,768,9,10
451165.799999999,1253,-463,299,0,288,768,299,480,288,768,9,10
451282.179999998,331,-272,299,0,288,768,299,480,288,768,9,10
451413.034999998,185,-326,299,0,288,768,299,480,288,768,9,10
451531.629999998,-160,96,299,0,288,768,299,480,288,768,9,10
451655.514999999,-274,470,299,0,288,768,299,480,288,768,9,10
451768.625000001,2017,-926,299,0,288,768,299,480,288,768,9,10
451999.680000001,-584,-317,299,0,288,768,299,480,288,768,9,10
452146.720000001,422,359,299,0,288,768,299,480,288,768,9,10
452261.849999999,2484,-826,299,0,288,768,299,480,288,768,9,10
452379.785000001,3867,-1679,299,0,288,768,299,480,288,768,9,10
452490.249999999,1947,-328,299,0,288,768,299,480,288,768,9,10
452621.41,1429,-1001,299,0,288,768,299,480,288,768,9,10
452746.074999999,623,-434,299,0,288,768,299,480,288,768,9,10
452859.824999999,498,565,299,0,288,768,299,480,288,768,9,10
452971.995,551,669,299,0,288,768,299,480,288,768,9,10
453080.265,722,-1271,299,0,288,768,299,480,288,768,9,10
453173.404999998,654,-775,299,0,288,768,299,480,288,768,9,10
453276.074999998,1049,-238,299,0,288,768,299,480,288,768,9,10
453379.499999999,2909,-1683,299,0,288,768,299,480,288,768,9,10
453488.275,506,7,299,0,288,768,299,480,288,768,9,10
453635.165,-96,910,299,0,288,768,299,480,288,768,9,10
453748.56,1266,317,299,0,288,768,299,480,288,768,9,10
453864.36,-101,459,299,0,288,768,299,480,288,768,9,10
453979.41,-757,940,299,0,288,768,299,480,288,768,9,10
454079.145,2024,-37,299,0,288,768,299,480,288,768,9,10
454184.225000001,1556,40,299,0,288,768,299,480,288,768,9,10
454313.634999999,807,-9,299,0,288,768,299,480,288,768,9,10
454423.070000001,567,1149,299,0,288,768,299,480,288,768,9,10
454548.159999998,-93,86,299,0,288,768,299,480,288,768,9,10
454681.389999998,22,1273,299,0,288,768,299,480,288,768,9,10
454798.909999998,-2187,1291,299,0,288,768,299,480,288,768,9,10
454889.309999999,2489,-1633,299,0,288,768,299,480,288,768,9,10
454997.155000001,1208,-767,299,0,288,768,299,480,288,768,9,10
455101.38,1728,-1127,299,0,288,768,299,480,288,768,9,10
455214.055,784,736,299,0,288,768,299,480,288,768,9,10
455349.129999999,1034,-1031,299,0,288,768,299,480,288,768,9,10
455480.954999999,231,515,299,0,288,768,299,480,288,768,9,10
455600.65,732,1870,299,0,288,768,299,480,288,768,9,10
455731.779999998,693,-283,299,0,288,768,299,480,288,768,9,10
455851.37,78,917,299,0,288,768,299,480,288,768,9,10
455968.294999999,879,205,299,0,288,768,299,480,288,768,9,10
456123.789999998,-478,540,299,0,288,768,299,480,288,768,9,10
456260.514999998,-812,677,299,0,288,768,299,480,288,768,9,10
456385.35,695,95,299,0,288,768,299,480,288,768,9,10
456521.075000001,302,354,299,0,288,768,299,480,288,768,9,10
456640.080000001,1325,974,299,0,288,768,299,480,288,768,9,10
456767.495,754,514,299,0,288,768,299,480,288,768,11,10
456917.04,535,742,299,0,288,768,299,480,288,768,11,10
457039.570000001,901,909,299,0,288,768,299,480,288,768,11,10
457153.770000001,1651,-110,299,0,288,768,299,480,288,768,11,10
457284.359999998,-1524,1582,299,0,288,768,299,480,288,768,11,10
457408.179999999,-3010,2550,299,0,288,768,299,480,288,768,11,10
457517.205,1057,844,299,0,288,768,299,480,288,768,11,10
457649.979999998,1405,-312,299,0,288,768,299,480,288,768,11,10
457783.759999998,-1392,2294,299,0,288,768,299,480,288,768,11,10
457900.760000001,2647,-1675,299,0,288,768,299,480,288,768,11,10
458006.689999998,700,200,299,0,288,768,299,480,288,768,11,10
458116.975000001,1263,-372,299,0,288,768,299,480,288,768,11,10
458233.629999999,846,318,299,0,288,768,299,480,288,768,11,10
458348.924999998,618,-553,299,0,288,768,299,480,288,768,11,10
458442.654999999,124,595,299,0,288,768,299,480,288,768,11,10
458556.065000001,1996,-1061,299,0,288,768,299,480,288,768,11,10
458682.925000001,-182,1083,299,0,288,768,299,480,288,768,11,10
458799.964999998,1477,637,299,0,288,768,299,480,288,768,11,10
458916.624999998,2568,-2087,299,0,288,768,299,480,288,768,11,10
459028.914999999,721,428,299,0,288,768,299,480,288,768,11,10
459126.749999999,636,1783,299,0,288,768,299,480,288,768,11,10
459233.469999999,1685,-95,299,0,288,768,299,480,288,768,11,10
459330.239999999,761,488,299,0,288,768,299,480,288,768,11,10
459448.819999998,1431,-230,299,0,288,768,299,480,288,768,11,10
459555.404999999,443,1232,299,0,288,768,299,480,288,768,11,10
459661.939999998,368,1231,299,0,288,768,299,480,288,768,11,10
459783.244999999,615,87,299,0,288,768,299,480,288,768,11,10
459893.349999998,1190,-116,299,0,288,768,299,480,288,768,11,10
459992.204999999,-855,2221,299,0,288,768,299,480,288,768,11,10
460099.289999998,-698,852,299,0,288,768,299,480,288,768,11,10
460215.120000001,1324,709,299,0,288,768,299,480,288,768,11,10
460317.4,430,239,299,0,288,768,299,480,288,768,11,10
460431.229999998,1622,-288,299,0,288,768,299,480,288,768,11,10
460564.5,1042,464,299,0,288,768,299,480,288,768,11,10
460666.929999999,744,274,299,0,288,768,299,480,288,768,11,10
460798.82,71,1107,299,0,288,768,299,480,288,768,11,10
460920.37,658,-312,299,0,288,768,299,480,288,768,11,10
461034.434999998,575,-368,299,0,288,768,299,480,288,768,11,10
461152.494999998,1694,961,299,0,288,768,299,480,288,768,11,10
461265.12,1765,370,299,0,288,768,299,480,288,768,11,10
461373.505,495,827,299,0,288,768,299,480,288,768,11,10
461499.29,398,342,299,0,288,768,299,480,288,768,11,10
461632.405,159,137,299,0,288,768,299,480,288,768,11,10
461755.965,877,578,299,0,288,768,299,480,288,768,11,10
461867.09,1128,488,299,0,288,768,299,480,288,768,11,10
461981.939999998,1822,-502,299,0,288,768,299,480,288,768,11,10
462091.604999998,-16,1393,299,0,288,768,299,480,288,768,11,10
462197.199999999,2247,-322,299,0,288,768,299,480,288,768,11,10
462314.934999999,1949,422,299,0,288,768,299,480,288,768,11,10
462426.489999998,2332,849,299,0,288,768,299,480,288,768,11,10
462536.434999998,-286,1328,299,0,288,768,299,480,288,768,11,10
462653.244999998,2016,-464,299,0,288,768,299,480,288,768,11,10
462764.599999999,329,-606,299,0,288,768,299,480,288,768,11,10
462882.180000001,2287,-1306,299,0,288,768,299,480,288,768,11,10
463001.734999998,3025,-590,299,0,288,768,299,480,288,768,11,10
463132.979999998,1584,851,299,0,288,768,299,480,288,768,11,10
463235.659999998,860,1155,299,0,288,768,299,480,288,768,11,10
463350.689999999,2761,-772,299,0,288,768,299,480,288,768,11,10
463452.789999999,383,573,299,0,288,768,299,480,288,768,11,10
463566.24,1877,-432,299,0,288,768,299,480,288,768,11,10
463691.52,1553,-538,299,0,288,768,299,480,288,768,11,10
463793.435,-295,1250,299,0,288,768,299,480,288,768,11,10
463892.71,988,-501,299,0,288,768,299,480,288,768,11,10
464001.479999999,-41,820,299,0,288,768,299,480,288,768,11,10
464118.934999999,1070,1395,299,0,288,768,299,480,288,768,11,10
464226.234999998,1019,133,299,0,288,768,299,480,288,768,11,10
464333.67,780,657,299,0,288,768,299,480,288,768,11,10
464452.170000001,345,1312,299,0,288,768,299,480,288,768,11,10
464574.16,1391,61,299,0,288,768,299,480,288,768,11,10
464720.914999998,1596,213,299,0,288,768,299,480,288,768,11,10
464828.79,1641,-583,299,0,288,768,299,480,288,768,11,10
464931.255,-143,362,299,0,288,768,299,480,288,768,11,10
465049.449999999,-489,667,299,0,288,768,299,480,288,768,11,10
465166.730000001,1058,186,299,0,288,768,299,480,288,768,11,10
465261.804999998,-725,18,299,0,288,768,299,480,288,768,11,10
465386.309999998,-1626,1324,299,0,288,768,299,480,288,768,11,10
465489.77,-277,1553,299,0,288,768,299,480,288,768,11,10
465611.229999999,432,244,299,0,288,768,299,480,288,768,11,10
465714.749999999,1815,366,299,0,288,768,299,480,288,768,11,10
465813.125000001,576,767,299,0,288,768,299,480,288,768,11,10
465917.815000001,-406,1652,299,0,288,768,299,480,288,768,11,10
466034.69,585,1552,299,0,288,768,299,480,288,768,11,10
466152.330000001,571,91,299,0,288,768,299,480,288,768,11,10
466269.994999999,238,1619,299,0,288,768,299,480,288,768,11,10
466369.554999998,2611,113,299,0,288,768,299,480,288,768,11,10
466482.655,1752,-1113,299,0,288,768,299,480,288,768,11,10
466584.615,868,391,299,0,288,768,299,480,288,768,11,10
466694.864999998,960,-276,299,0,288,768,299,480,288,768,11,10
466800.834999998,2787,-2487,299,0,288,768,299,480,288,768,11,10
466903.924999999,1187,701,299,0,288,768,299,480,288,768,11,10
467008.285,1943,-843,299,0,288,768,299,480,288,768,11,10
467115.944999998,-1425,3376,299,0,288,768,299,480,288,768,11,10
467232.43,1420,469,299,0,288,768,299,480,288,768,11,10
467342.959999998,-89,684,299,0,288,768,299,480,288,768,11,10
467443.185,-214,1165,299,0,288,768,299,480,288,768,11,10
467554.254999999,986,1273,299,0,288,768,299,480,288,768,11,10
467684.34,425,853,299,0,288,768,299,480,288,768,11,10
467816.500000001,2886,1038,299,0,288,768,299,480,288,768,11,10
467916.174999998,2675,-146,299,0,288,768,299,480,288,768,11,10
468036.479999999,117,119,299,0,288,768,299,480,288,768,11,10
468150.689999999,131,1753,299,0,288,768,299,480,288,768,11,10
468253.119999998,1525,-1127,299,0,288,768,299,480,288,768,11,10
468369.419999999,3613,-1239,299,0,288,768,299,480,288,768,11,10
468485.059999999,1612,-1133,299,0,288,768,299,480,288,768,11,10
468603.41,-240,853,299,0,288,768,299,480,288,768,11,10
468717.789999999,1441,498,299,0,288,768,299,480,288,768,11,10
468835.1,3289,-2019,299,0,288,768,299,480,288,768,11,10
468935.300000001,-1722,2360,299,0,288,768,299,480,288,768,11,10
469050.094999999,614,454,299,0,288,768,299,480,288,768,11,10
469183.349999999,876,-295,299,0,288,768,299,480,288,768,11,10
469285.649999998,638,48,299,0,288,768,299,480,288,768,11,10
469416.594999999,-222,1050,299,0,288,768,299,480,288,768,11,10
469550.240000001,1348,-107,299,0,288,768,299,480,288,768,11,10
469669.719999998,2265,-1295,299,0,288,768,299,480,288,768,11,10
469773.929999999,331,1417,299,0,288,768,299,480,288,768,11,10
469884.985000001,1514,-803,299,0,288,768,299,480,288,768,11,10
469999.649999998,1018,-692,299,0,288,768,299,480,288,768,11,10
470118.53,288,875,299,0,288,768,299,480,288,768,11,10
470250.56,1000,-187,299,0,288,768,299,480,288,768,11,10
470385.93,484,224,299,0,288,768,299,480,288,768,11,10
470503.509999999,1331,5,299,0,288,768,299,480,288,768,11,10
470612.31,1715,771,299,0,288,768,299,480,288,768,11,10
470719.849999998,2727,-976,299,0,288,768,299,480,288,768,11,10
470838.734999998,2285,31,299,0,288,768,299,480,288,768,11,10
470954.809999999,-24,284,299,0,288,768,299,480,288,768,11,10
471138.319999998,29,1379,299,0,288,768,299,480,288,768,11,10
471246.749999998,1080,1603,299,0,288,768,299,480,288,768,11,10
471343.150000001,780,-802,299,0,288,768,299,480,288,768,11,10
471452.150000001,468,-505,299,0,288,768,299,480,288,768,11,10
471572.379999998,2005,-191,299,0,288,768,299,480,288,768,11,10
471686.63,3301,-1882,299,0,288,768,299,480,288,768,11,10
471844.969999998,860,600,299,0,288,768,299,480,288,768,11,10
471969.994999999,2807,-856,299,0,288,768,299,480,288,768,11,10
472073.324999998,2507,-842,299,0,288,768,299,480,288,768,11,10
472174.909999998,2118,-69,299,0,288,768,299,480,288,768,11,10
472271.949999998,1427,753,299,0,288,768,299,480,288,768,11,10
472402.005,2684,-1031,299,0,288,768,299,480,288,768,11,10
472521.649999999,2569,-1120,299,0,288,768,299,480,288,768,11,10
472643.375,1347,-327,299,0,288,768,299,480,288,768,11,10
472762.015,869,1391,299,0,288,768,299,480,288,768,11,10
472884.06,2449,1060,299,0,288,768,299,480,288,768,11,10
473000.929999998,2044,-312,299,0,288,768,299,480,288,768,11,10
473122.71,305,288,299,0,288,768,299,480,288,768,11,10
473250.649999998,2285,-692,299,0,288,768,299,480,288,768,11,10
473355.55,1915,-1654,299,0,288,768,299,480,288,768,11,10
473468.32,2358,-404,299,0,288,768,299,480,288,768,11,10
473584.694999998,2160,-385,299,0,288,768,299,480,288,768,11,10
473701.265,1331,626,299,0,288,768,299,480,288,768,11,10
473816.705000001,3496,-103,299,0,288,768,299,480,288,768,11,10
473935.654999997,2930,-878,299,0,288,768,299,480,288,768,11,10
474053.319999999,1925,839,299,0,288,768,299,480,288,768,11,10
474165.259999998,653,1154,299,0,288,768,299,480,288,768,11,10
474288.130000001,2015,617,299,0,288,768,299,480,288,768,11,10
474396.32,1490,-555,299,0,288,768,299,480,288,768,11,10
474505.125,1724,-197,299,0,288,768,299,480,288,768,11,10
474634.849999999,1143,-564,299,0,288,768,299,480,288,768,11,10
474755.535,1754,692,299,0,288,768,299,480,288,768,11,10
474868.364999999,2603,-1617,299,0,288,768,299,480,288,768,11,10
474988.069999999,997,421,299,0,288,768,299,480,288,768,11,10
475094.304999999,635,217,299,0,288,768,299,480,288,768,11,10
475220.549999998,60,654,299,0,288,768,299,480,288,768,11,10
475336.564999998,1636,195,299,0,288,768,299,480,288,768,11,10
475454.659999999,-538,679,299,0,288,768,299,480,288,768,11,10
475566.510000001,-307,1729,299,0,288,768,299,480,288,768,11,10
475670.534999998,-151,1289,299,0,288,768,299,480,288,768,11,10
475792.934999998,1870,-98,299,0,288,768,299,480,288,768,11,10
475894.830000001,-875,1968,299,0,288,768,299,480,288,768,11,10
476002.205000001,62,1731,299,0,288,768,299,480,288,768,11,10
476110.385,455,-24,299,0,288,768,299,480,288,768,11,10
476220.799999999,-522,567,299,0,288,768,299,480,288,768,11,10
476334.684999998,-599,1376,299,0,288,768,299,480,288,768,11,10
476455.849999998,1046,-543,299,0,288,768,299,480,288,768,11,10
476569.645,371,693,299,0,288,768,299,480,288,768,11,10
476688.169999998,-1162,1332,299,0,288,768,299,480,288,768,11,10
476792.395,2885,66,299,0,288,768,299,480,288,768,11,10
476895.215,917,802,299,0,288,768,299,480,288,768,11,10
477004.61,-272,1251,299,0,288,768,299,480,288,768,11,10
477118.624999999,2824,726,299,0,288,768,299,480,288,768,11,10
477235.809999998,2153,430,299,0,288,768,299,480,288,768,11,10
477353.769999998,821,310,299,0,288,768,299,480,288,768,11,10
477470.289999997,3207,-1306,299,0,288,768,299,480,288,768,11,10
477602.709999999,651,1336,299,0,288,768,299,480,288,768,11,10
477720.989999998,2077,-282,299,0,288,768,299,480,288,768,11,10
477823.700000001,870,314,299,0,288,768,299,480,288,768,11,10
477935.245000001,719,886,299,0,288,768,299,480,288,768,11,10
478049.335,3266,-303,299,0,288,768,299,480,288,768,11,10
478171.234999998,3497,-1641,299,0,288,768,299,480,288,768,11,10
478304.014999998,954,-171,299,0,288,768,299,480,288,768,11,10
478435.149999998,2133,447,299,0,288,768,299,480,288,768,11,10
478538.15,865,231,299,0,288,768,299,480,288,768,11,10
478668.624999998,1005,1304,299,0,288,768,299,480,288,768,11,10
478771.604999998,1639,-1895,299,0,288,768,299,480,288,768,11,10
478874.98,-195,1038,299,0,288,768,299,480,288,768,11,10
478984.324999998,1923,10,299,0,288,768,299,480,288,768,11,10
479082.064999999,1626,72,299,0,288,768,299,480,288,768,11,10
479188.825000001,3619,508,299,0,288,768,299,480,288,768,11,10
479305.239999998,2215,149,299,0,288,768,299,480,288,768,11,10
479420.289999998,2042,-505,299,0,288,768,299,480,288,768,11,10
479536.919999999,672,720,299,0,288,768,299,480,288,768,11,10
479653.514999998,1617,-799,299,0,288,768,299,480,288,768,11,10
479770.195000001,1248,-35,299,0,288,768,299,480,288,768,11,10
479885.445,870,856,299,0,288,768,299,480,288,768,11,10
480005.194999998,740,221,299,0,288,768,299,480,288,768,11,10
480105.509999998,2100,393,299,0,288,768,299,480,288,768,11,10
480234.584999998,676,895,299,0,288,768,299,480,288,768,11,10
480336.025000001,1403,-443,299,0,288,768,299,480,288,768,11,10
480438.470000001,1042,-691,299,0,288,768,299,480,288,768,11,10
480552.27,-43,1087,299,0,288,768,299,480,288,768,11,10
480672.524999998,1716,-33,299,0,288,768,299,480,288,768,11,10
480787.469999999,2699,-2277,299,0,288,768,299,480,288,768,11,10
480903.445,2282,-882,299,0,288,768,299,480,288,768,11,10
481012.269999999,-310,2026,299,0,288,768,299,480,288,768,11,10
481120.419999999,1692,866,299,0,288,768,299,480,288,768,11,10
481252.724999998,-728,2819,299,0,288,768,299,480,288,768,11,10
481372.889999999,591,682,299,0,288,768,299,480,288,768,11,10
481485.685,430,1234,299,0,288,768,299,480,288,768,11,10
481619.53,957,1971,299,0,288,768,299,480,288,768,11,10
481744.009999999,-108,888,299,0,288,768,299,480,288,768,11,10
481869.060000001,362,534,299,0,288,768,299,480,288,768,11,10
481988.49,-41,263,299,0,288,768,299,480,288,768,11,10
482106.329999999,1150,1127,299,0,288,768,299,480,288,768,11,10
482218.695,947,805,299,0,288,768,299,480,288,768,11,10
482319.439999999,2143,316,299,0,288,768,299,480,288,768,11,10
482423.309999998,318,539,299,0,288,768,299,480,288,768,11,10
482536.434999998,-187,467,299,0,288,768,299,480,288,768,11,10
482654.179999998,357,375,299,0,288,768,299,480,288,768,11,10
482773.395,2035,-469,299,0,288,768,299,480,288,768,11,10
482886.640000001,1320,-1293,299,0,288,768,299,480,288,768,11,10
483005.160000001,514,1221,299,0,288,768,299,480,288,768,11,10
483110.385,-311,272,299,0,288,768,299,480,288,768,11,10
483223.559999999,1569,265,299,0,288,768,299,480,288,768,11,10
483339.88,1018,303,299,0,288,768,299,480,288,768,11,10
483444.799999998,-318,2032,299,0,288,768,299,480,288,768,11,10
483549.940000001,1020,2515,299,0,288,768,299,480,288,768,11,10
483657.779999998,3006,-239,299,0,288,768,299,480,288,768,11,10
483771.3,2537,1804,299,0,288,768,299,480,288,768,11,10
483880.194999998,1406,1180,299,0,288,768,299,480,288,768,11,10
483979.355,2270,-258,299,0,288,768,299,480,288,768,11,10
484087.765,828,-659,299,0,288,768,299,480,288,768,11,10
484186.91,-1873,2273,299,0,288,768,299,480,288,768,11,10
484281.834999998,481,230,299,0,288,768,299,480,288,768,11,10
484404.889999998,751,1259,299,0,288,768,299,480,288,768,11,10
484510.624999999,520,978,299,0,288,768,299,480,288,768,11,10
484616.21,1377,299,299,0,288,768,299,480,288,768,11,10
484721.444999999,2129,-715,299,0,288,768,299,480,288,768,11,10
484833.845000001,1597,-1031,299,0,288,768,299,480,288,768,11,10
484939.415000001,317,724,299,0,288,768,299,480,288,768,11,10
485070.964999999,411,63,299,0,288,768,299,480,288,768,11,10
485188.555000001,462,1024,299,0,288,768,299,480,288,768,11,10
485303.994999998,-2222,2295,299,0,288,768,299,480,288,768,11,10
485427.124999998,555,282,299,0,288,768,299,480,288,768,11,10
485538.099999998,2007,-590,299,0,288,768,299,480,288,768,11,10
485660.994999998,881,-459,299,0,288,768,299,480,288,768,11,10
485791.580000001,-1224,1899,299,0,288,768,299,480,288,768,11,10
485917.054999998,723,-105,299,0,288,768,299,480,288,768,11,10
486039.355000001,2500,627,299,0,288,768,299,480,288,768,11,10
486158.465,-437,591,299,0,288,768,299,480,288,768,11,10
486290.509999999,1316,-1062,299,0,288,768,299,480,288,768,11,10
486421.674999998,1849,-1122,299,0,288,768,299,480,288,768,11,10
486540.134999999,8,754,299,0,288,768,299,480,288,768,11,10
486674.080000001,885,-199,299,0,288,768,299,480,288,768,11,12
486815.479999997,-881,1437,299,0,288,768,299,480,288,768,11,12
486985.594999998,755,1412,299,0,288,768,299,480,288,768,11,12
487104.984999998,-256,1314,299,0,288,768,299,480,288,768,11,12
487223.484999999,-104,2502,299,0,288,768,299,480,288,768,11,12
487353.500000001,1910,-447,299,0,288,768,299,480,288,768,11,12
487474.865,337,1622,299,0,288,768,299,480,288,768,11,12
487608.619999999,1724,-1180,299,0,288,768,299,480,288,768,11,12
487726.285000001,822,5,299,0,288,768,299,480,288,768,11,12
487833.234999998,315,756,299,0,288,768,299,480,288,768,11,12
487956.875,1169,-580,299,0,288,768,299,480,288,768,11,12
488063.894999999,-642,407,299,0,288,768,299,480,288,768,11,12
488170.155,1427,-698,299,0,288,768,299,480,288,768,11,12
488290.849999998,1480,-1501,299,0,288,768,299,480,288,768,11,12
488396.014999998,907,22,299,0,288,768,299,480,288,768,11,12
488504.509999999,2432,-1635,299,0,288,768,299,480,288,768,11,12
488600.595,-1210,1068,299,0,288,768,299,480,288,768,11,12
488695.42,2094,-585,299,0,288,768,299,480,288,768,11,12
488797.114999998,1234,196,299,0,288,768,299,480,288,768,11,12
488919.865,701,1088,299,0,288,768,299,480,288,768,11,12
489029.08,3059,152,299,0,288,768,299,480,288,768,11,12
489156.544999998,717,-385,299,0,288,768,299,480,288,768,11,12
489271.545,1133,-511,299,0,288,768,299,480,288,768,11,12
489392.029999999,2587,215,299,0,288,768,299,480,288,768,11,12
489509.334999999,2187,-783,299,0,288,768,299,480,288,768,11,12
489696.335000001,1160,-741,299,0,288,768,299,480,288,768,11,12
489800.765,1579,-319,299,0,288,768,299,480,288,768,11,12
489923.599999998,2242,-675,299,0,288,768,299,480,288,768,11,12
490041.375000001,820,54,299,0,288,768,299,480,288,768,11,12
490159.055,-562,575,299,0,288,768,299,480,288,768,11,12
490274.354999998,1819,-968,299,0,288,768,299,480,288,768,11,12
490440.885,3299,-1572,299,0,288,768,299,480,288,768,11,12
490557.819999998,-367,-50,299,0,288,768,299,480,288,768,11,12
490670.555000001,1724,-502,299,0,288,768,299,480,288,768,11,12
490765.11,1794,-288,299,0,288,768,299,480,288,768,11,12
490863.379999999,2095,271,299,0,288,768,299,480,288,768,11,12
490965.339999999,774,-300,299,0,288,768,299,480,288,768,11,12
491090.42,814,275,299,0,288,768,299,480,288,768,11,12
491229.844999998,870,98,299,0,288,768,299,480,288,768,11,12
491325.245,3067,-978,299,0,288,768,299,480,288,768,11,12
491456.969999999,-78,252,299,0,288,768,299,480,288,768,11,12
491586.544999998,-154,832,299,0,288,768,299,480,288,768,11,12
491704.180000001,2131,-1326,299,0,288,768,299,480,288,768,11,12
491819.585000001,966,-87,299,0,288,768,299,480,288,768,11,12
491938.885,1493,-482,299,0,288,768,299,480,288,768,11,12
492049.459999998,2238,-1462,299,0,288,768,299,480,288,768,11,12
492159.625,672,381,299,0,288,768,299,480,288,768,11,12
492280.044999999,1157,-121,299,0,288,768,299,480,288,768,11,12
492389.24,1551,-398,299,0,288,768,299,480,288,768,11,12
492503.199999999,3662,-1558,299,0,288,768,299,480,288,768,11,12
492621.714999998,-1035,1794,299,0,288,768,299,480,288,768,11,12
492740.364999998,2080,-444,299,0,288,768,299,480,288,768,11,12
492855.124999998,120,663,299,0,288,768,299,480,288,768,11,12
492958.189999998,-558,1075,299,0,288,768,299,480,288,768,11,12
493077.849999998,808,232,299,0,288,768,299,480,288,768,11,12
493190.664999998,384,-365,299,0,288,768,299,480,288,768,11,12
493291.32,614,185,299,0,288,768,299,480,288,768,11,12
493421.409999999,-163,266,299,0,288,768,299,480,288,768,11,12
493517.299999999,1318,-36,299,0,288,768,299,480,288,768,11,12
493619.559999999,552,-118,299,0,288,768,299,480,288,768,11,12
493723.295,728,92,299,0,288,768,299,480,288,768,11,12
493841.274999999,548,835,299,0,288,768,299,480,288,768,11,12
493953.219999999,2660,-702,299,0,288,768,299,480,288,768,11,12
494058.714999999,3158,-1914,299,0,288,768,299,480,288,768,11,12
494172.865,177,470,299,0,288,768,299,480,288,768,11,12
494279.184999999,698,-44,299,0,288,768,299,480,288,768,11,12
494387.425000001,577,-471,299,0,288,768,299,480,288,768,11,12
494521.515,-38,931,299,0,288,768,299,480,288,768,11,12
494654.999999999,-605,1174,299,0,288,768,299,480,288,768,11,12
494776.034999999,899,475,299,0,288,768,299,480,288,768,11,12
494888.394999998,868,-859,299,0,288,768,299,480,288,768,11,12
494995.859999999,-146,147,299,0,288,768,299,480,288,768,11,12
495109.3,1241,385,299,0,288,768,299,480,288,768,11,12
495221.569999998,366,481,299,0,288,768,299,480,288,768,11,12
495324.764999998,-218,860,299,0,288,768,299,480,288,768,11,12
495441.335,533,-196,299,0,288,768,299,480,288,768,11,12
495557.545,875,-110,299,0,288,768,299,480,288,768,11,12
495674.124999998,243,379,299,0,288,768,299,480,288,768,11,12
495788.395,420,787,299,0,288,768,299,480,288,768,11,12
495922.745,933,-916,299,0,288,768,299,480,288,768,11,12
496058.259999998,257,-595,299,0,288,768,299,480,288,768,11,12
496190.67,-274,-247,299,0,288,768,299,480,288,768,11,12
496322.540000001,1302,-829,299,0,288,768,299,480,288,768,11,12
496443.155000001,246,35,299,0,288,768,299,480,288,768,11,12
496557.024999998,-98,12,299,0,288,768,299,480,288,768,11,12
496667.314999999,2841,-1499,299,0,288,768,299,480,288,768,11,12
496773.959999999,176,-107,299,0,288,768,299,480,288,768,11,12
496890.895000001,71,309,299,0,288,768,299,480,288,768,11,12
497024.164999999,-444,942,299,0,288,768,299,480,288,768,11,12
497142.365,-117,342,299,0,288,768,299,480,288,768,11,12
497255.290000001,836,633,299,0,288,768,299,480,288,768,11,12
497375.949999998,821,-382,299,0,288,768,299,480,288,768,11,12
497474.95,728,768,299,0,288,768,299,480,288,768,11,12
497584.859999999,-353,1799,299,0,288,768,299,480,288,768,11,12
497691.155,-1143,1051,299,0,288,768,299,480,288,768,11,12
497795.634999999,1059,-430,299,0,288,768,299,480,288,768,11,12
497924.059999998,72,-74,299,0,288,768,299,480,288,768,11,12
498034.394999999,-791,418,299,0,288,768,299,480,288,768,11,12
498143.799999998,7,503,299,0,288,768,299,480,288,768,11,12
498272.699999998,161,139,299,0,288,768,299,480,288,768,11,12
498369.289999999,-140,1594,299,0,288,768,299,480,288,768,11,12
498470.774999998,526,205,299,0,288,768,299,480,288,768,11,12
498593.339999999,729,-202,299,0,288,768,299,480,288,768,11,12
498703.129999998,2506,-1361,299,0,288,768,299,480,288,768,11,12
498814.904999999,1207,292,299,0,288,768,299,480,288,768,11,12
498940.899999998,1176,472,299,0,288,768,299,480,288,768,11,12
499057.754999998,2284,-665,299,0,288,768,299,480,288,768,11,12
499173.439999999,-7,348,299,0,288,768,299,480,288,768,11,12
499273.709999998,-1172,933,299,0,288,768,299,480,288,768,11,12
499395.560000001,75,-187,299,0,288,768,299,480,288,768,11,12
499507.514999997,-1049,673,299,0,288,768,299,480,288,768,11,12
499623.250000001,-1346,931,299,0,288,768,299,480,288,768,11,12
499740.170000001,-405,1757,299,0,288,768,299,480,288,768,11,12
499858.329999999,1058,-913,299,0,288,768,299,480,288,768,11,12
499973.35,706,2440,299,0,288,768,299,480,288,768,11,12
500105.530000001,1984,-1264,299,0,288,768,299,480,288,768,11,12
500210.124999998,2662,-681,299,0,288,768,299,480,288,768,11,12
500324.929999999,174,754,299,0,288,768,299,480,288,768,11,12
500440.24,-741,-390,299,0,288,768,299,480,288,768,11,12
500540.61,1337,-715,299,0,288,768,299,480,288,768,11,12
500641.284999998,1104,161,299,0,288,768,299,480,288,768,11,12
500773.365000001,-525,432,299,0,288,768,299,480,288,768,11,12
500893.929999998,573,793,299,0,288,768,299,480,288,768,11,12
501010.725,1038,1333,299,0,288,768,299,480,288,768,11,12
501140.27,1488,-671,299,0,288,768,299,480,288,768,11,12
501274.150000001,32,2244,299,0,288,768,299,480,288,768,11,12
501393.489999999,-650,2149,299,0,288,768,299,480,288,768,11,12
501508.285,941,-71,299,0,288,768,299,480,288,768,11,12
501629.375,-485,1010,299,0,288,768,299,480,288,768,11,12
501732.659999998,2756,-1233,299,0,288,768,299,480,288,768,11,12
501873.284999998,1061,-138,299,0,288,768,299,480,288,768,11,12
501995.899999998,363,1419,299,0,288,768,299,480,288,768,11,12
502105.745000001,881,1523,299,0,288,768,299,480,288,768,11,12
502211.504999999,1294,-379,299,0,288,768,299,480,288,768,11,12
502327.969999999,3091,-848,299,0,288,768,299,480,288,768,11,12
502439.774999999,1106,-361,299,0,288,768,299,480,288,768,11,12
502534.974999999,2967,-1193,299,0,288,768,299,480,288,768,11,12
502644.659999998,3130,-1704,299,0,288,768,299,480,288,768,11,12
502761.97,1508,-299,299,0,288,768,299,480,288,768,11,12
502892.925,1071,-574,299,0,288,768,299,480,288,768,11,12
503005.754999998,2203,271,299,0,288,768,299,480,288,768,11,12
503111.04,906,81,299,0,288,768,299,480,288,768,11,12
503223.859999998,257,-148,299,0,288,768,299,480,288,768,11,12
503326.914999998,1941,-1087,299,0,288,768,299,480,288,768,11,12
503426.98,751,-964,299,0,288,768,299,480,288,768,11,12
503535.179999999,899,139,299,0,288,768,299,480,288,768,11,12
503656.67,177,183,299,0,288,768,299,480,288,768,11,12
503761.005,606,518,299,0,288,768,299,480,288,768,11,12
503876.345000001,840,692,299,0,288,768,299,480,288,768,11,12
503991.454999999,-228,-1072,299,0,288,768,299,480,288,768,11,12
504098.634999999,-1349,1449,299,0,288,768,299,480,288,768,11,12
504210.41,-423,1178,299,0,288,768,299,480,288,768,11,12
504324.444999998,982,785,299,0,288,768,299,480,288,768,11,12
504429.189999999,2506,-1918,299,0,288,768,299,480,288,768,11,12
504537.164999998,100,-140,299,0,288,768,299,480,288,768,11,12
504639.520000001,1757,853,299,0,288,768,299,480,288,768,11,12
504757.805000001,-36,983,299,0,288,768,299,480,288,768,11,12
504858.049999999,1465,326,299,0,288,768,299,480,288,768,11,12
504968.31,1604,-51,299,0,288,768,299,480,288,768,11,12
505078.545,470,-104,299,0,288,768,299,480,288,768,11,12
505189.449999998,2906,-697,299,0,288,768,299,480,288,768,11,12
505285.179999999,2436,-1668,299,0,288,768,299,480,288,768,11,12
505383.249999999,-1095,736,299,0,288,768,299,480,288,768,11,12
505481.664999999,524,609,299,0,288,768,299,480,288,768,11,12
505575.904999998,12,-528,299,0,288,768,299,480,288,768,11,12
505679.815,664,-647,299,0,288,768,299,480,288,768,11,12
505790.34,1107,-252,299,0,288,768,299,480,288,768,11,12
505900.784999998,455,92,299,0,288,768,299,480,288,768,11,12
506017.714999998,-1947,2586,299,0,288,768,299,480,288,768,11,12
506140.439999999,422,-863,299,0,288,768,299,480,288,768,11,12
506257.519999999,1553,-1071,299,0,288,768,299,480,288,768,11,12
506390.664999999,1969,-395,299,0,288,768,299,480,288,768,11,12
506507.549999998,-332,155,299,0,288,768,299,480,288,768,11,12
506625.055,1162,-283,299,0,288,768,299,480,288,768,11,12
506744.074999999,9,1295,299,0,288,768,299,480,288,768,11,12
506857.100000001,740,1530,299,0,288,768,299,480,288,768,11,12
506956.689999999,1387,-678,299,0,288,768,299,480,288,768,11,12
507061.879999997,836,725,299,0,288,768,299,480,288,768,11,12
507176.445000001,840,-678,299,0,288,768,299,480,288,768,11,12
507284.769999998,1038,1582,299,0,288,768,299,480,288,768,11,12
507392.455000001,1496,619,299,0,288,768,299,480,288,768,11,12
507512.974999998,1867,186,299,0,288,768,299,480,288,768,11,12
507625.049999999,171,259,299,0,288,768,299,480,288,768,11,12
507721.77,863,-342,299,0,288,768,299,480,288,768,11,12
507844.945000001,1620,-31,299,0,288,768,299,480,288,768,11,12
507953.590000001,2042,-949,299,0,288,768,299,480,288,768,11,12
508051.219999998,245,446,299,0,288,768,299,480,288,768,11,12
508157.994999998,-1405,2203,299,0,288,768,299,480,288,768,11,12
508291.659999999,363,1198,299,0,288,768,299,480,288,768,11,12
508411.550000001,1456,339,299,0,288,768,299,480,288,768,11,12
508516.584999998,-930,3519,299,0,288,768,299,480,288,768,11,12
508626.244999999,742,-479,299,0,288,768,299,480,288,768,11,12
508779.619999998,1200,588,299,0,288,768,299,480,288,768,11,12
508960.220000001,365,1121,299,0,288,768,299,480,288,768,11,12
509077.154999999,1278,520,299,0,288,768,299,480,288,768,11,12
509229.495,2134,-171,299,0,288,768,299,480,288,768,11,12
509379.300000001,2008,414,299,0,288,768,299,480,288,768,11,12
509490.009999998,19,929,299,0,288,768,299,480,288,768,11,12
509611.734999999,157,1260,299,0,288,768,299,480,288,768,11,12
509719.05,1154,73,299,0,288,768,299,480,288,768,11,12
509820.299999999,592,700,299,0,288,768,299,480,288,768,11,12
509927.424999998,-563,2382,299,0,288,768,299,480,288,768,11,12
510046.68,-423,1100,299,0,288,768,299,480,288,768,11,12
510159.124999998,1932,-324,299,0,288,768,299,480,288,768,11,12
510277.849999999,-354,2203,299,0,288,768,299,480,288,768,11,12
510381.859999998,1096,511,299,0,288,768,299,480,288,768,11,12
510483.905000001,2185,688,299,0,288,768,299,480,288,768,11,12
510609.469999999,2193,-102,299,0,288,768,299,480,288,768,11,12
510727.875,280,1706,299,0,288,768,299,480,288,768,11,12
510843.259999998,846,924,299,0,288,768,299,480,288,768,11,12
510945.98,533,1713,299,0,288,768,299,480,288,768,11,12
511061.965000001,866,-11,299,0,288,768,299,480,288,768,11,12
511192.794999999,345,449,299,0,288,768,299,480,288,768,11,12
511309.255,895,-100,299,0,288,768,299,480,288,768,11,12
511427.86,2853,-839,299,0,288,768,299,480,288,768,11,12
511536.495,653,-299,299,0,288,768,299,480,288,768,11,12
511659.605000001,2125,1190,299,0,288,768,299,480,288,768,11,12
511768.58,1047,2282,299,0,288,768,299,480,288,768,11,12
511875.400000001,2028,578,299,0,288,768,299,480,288,768,11,12
511975.204999999,1117,821,299,0,288,768,299,480,288,768,11,12
512078.125,-235,1013,299,0,288,768,299,480,288,768,11,12
512203.034999999,1139,1626,299,0,288,768,299,480,288,768,11,12
512312.305,1938,-174,299,0,288,768,299,480,288,768,11,12
512426.759999999,1991,-571,299,0,288,768,299,480,288,768,11,12
512535.544999999,-265,1184,299,0,288,768,299,480,288,768,11,12
512645.724999998,3176,-1187,299,0,288,768,299,480,288,768,11,12
512764.709999999,1327,970,299,0,288,768,299,480,288,768,11,12
512878.164999998,-165,1029,299,0,288,768,299,480,288,768,11,12
512996.4,1179,465,299,0,288,768,299,480,288,768,11,12
513110.134999999,-74,1084,299,0,288,768,299,480,288,768,11,12
513231.264999999,-1054,2568,299,0,288,768,299,480,288,768,11,12
513341.034999998,2729,-1047,299,0,288,768,299,480,288,768,11,12
513462.714999998,1170,1350,299,0,288,768,299,480,288,768,11,12
513573.604999998,1645,396,299,0,288,768,299,480,288,768,11,12
513675.459999999,364,1118,299,0,288,768,299,480,288,768,11,12
513810.454999999,-976,2445,299,0,288,768,299,480,288,768,11,12
513934.835,-1233,1502,299,0,288,768,299,480,288,768,11,12
514037.619999999,994,-171,299,0,288,768,299,480,288,768,11,12
514138.035,2956,-1423,299,0,288,768,299,480,288,768,11,12
514242.255000001,-640,538,299,0,288,768,299,480,288,768,11,12
514376.88,1085,-235,299,0,288,768,299,480,288,768,11,12
514509.299999998,408,1684,299,0,288,768,299,480,288,768,11,12
514628.249999998,-1488,1068,299,0,288,768,299,480,288,768,11,12
514742.429999998,-947,1897,299,0,288,768,299,480,288,768,11,12
514862.505000001,2014,-930,299,0,288,768,299,480,288,768,11,12
514966.734999998,-878,2720,299,0,288,768,299,480,288,768,11,12
515076.085000001,1783,-936,299,0,288,768,299,480,288,768,11,12
515172.859999999,1542,-906,299,0,288,768,299,480,288,768,11,12
515274.2,628,-223,299,0,288,768,299,480,288,768,11,12
515378.205000001,495,877,299,0,288,768,299,480,288,768,11,12
515500.564999998,736,607,299,0,288,768,299,480,288,768,11,12
515635.169999998,1389,-120,299,0,288,768,299,480,288,768,11,12
515760.439999998,66,971,299,0,288,768,299,480,288,768,11,12
515899.434999999,963,171,299,0,288,768,299,480,288,768,11,12
516017.004999998,1057,340,299,0,288,768,299,480,288,768,11,12
516135.249999999,285,694,299,0,288,768,299,480,288,768,11,12
516247.925,2524,-947,299,0,288,768,299,480,288,768,11,12
516373.199999998,796,-516,299,0,288,768,299,480,288,768,11,12
516496.285000001,1224,-53,299,0,288,768,299,480,288,768,13,12
516631.509999999,553,-180,299,0,288,768,299,480,288,768,13,12
516781.554999998,340,-14,299,0,288,768,299,480,288,768,13,12
516905.53,-897,1210,299,0,288,768,299,480,288,768,13,12
517032.455,3700,-472,299,0,288,768,299,480,288,768,13,12
517152.739999998,-499,1028,299,0,288,768,299,480,288,768,13,12
517268.15,-856,2375,299,0,288,768,299,480,288,768,13,12
517390.869999999,-28,638,299,0,288,768,299,480,288,768,13,12
517506.740000001,2137,-1877,299,0,288,768,299,480,288,768,13,12
517634.285,-140,1605,299,0,288,768,299,480,288,768,13,12
517758.249999999,1442,-10,299,0,288,768,299,480,288,768,13,12
517858.830000001,3143,-803,299,0,288,768,299,480,288,768,13,12
517961.68,824,156,299,0,288,768,299,480,288,768,13,12
518060.409999998,688,-519,299,0,288,768,299,480,288,768,13,12
518179.469999999,756,216,299,0,288,768,299,480,288,768,13,12
518292.849999998,1937,-638,299,0,288,768,299,480,288,768,13,12
518392.964999999,579,359,299,0,288,768,299,480,288,768,13,12
518486.079999999,1857,-1955,299,0,288,768,299,480,288,768,13,12
518610.704999999,371,908,299,0,288,768,299,480,288,768,13,12
518727.305,785,579,299,0,288,768,299,480,288,768,13,12
518824.839999998,1120,12,299,0,288,768,299,480,288,768,13,12
518944.219999998,1167,-24,299,0,288,768,299,480,288,768,13,12
519045.964999998,435,334,299,0,288,768,299,480,288,768,13,12
519148.91,344,1114,299,0,288,768,299,480,288,768,13,12
519261.334999999,2124,-1934,299,0,288,768,299,480,288,768,13,12
519380.835,2889,-1158,299,0,288,768,299,480,288,768,13,12
519486.815,830,691,299,0,288,768,299,480,288,768,13,12
519593.414999999,2733,-347,299,0,288,768,299,480,288,768,13,12
519713.12,2145,-405,299,0,288,768,299,480,288,768,13,12
519815.009999998,366,56,299,0,288,768,299,480,288,768,13,12
519930.099999998,1233,589,299,0,288,768,299,480,288,768,13,12
520060.815000001,1817,238,299,0,288,768,299,480,288,768,13,12
520163.17,-95,355,299,0,288,768,299,480,288,768,13,12
520277.549999999,585,494,299,0,288,768,299,480,288,768,13,12
520382.2,2110,-43,299,0,288,768,299,480,288,768,13,12
520493.589999998,-229,1622,299,0,288,768,299,480,288,768,13,12
520613.235000001,1152,322,299,0,288,768,299,480,288,768,13,12
520714.079999998,343,857,299,0,288,768,299,480,288,768,13,12
520829.924999998,815,-313,299,0,288,768,299,480,288,768,13,12
520948.609999999,2274,-96,299,0,288,768,299,480,288,768,13,12
521062.194999999,-204,-195,299,0,288,768,299,480,288,768,13,12
521180.819999998,1353,66,299,0,288,768,299,480,288,768,13,12
521287.894999998,-345,1219,299,0,288,768,299,480,288,768,13,12
521394.01,1513,-376,299,0,288,768,299,480,288,768,13,12
521498.954999999,697,1084,299,0,288,768,299,480,288,768,13,12
521612.079999999,1292,-3,299,0,288,768,299,480,288,768,13,12
521728.274999998,333,842,299,0,288,768,299,480,288,768,13,12
521847.869999998,1801,187,299,0,288,768,299,480,288,768,13,12
521956.029999998,2293,39,299,0,288,768,299,480,288,768,13,12
522054.229999998,1487,113,299,0,288,768,299,480,288,768,13,12
522162.925000001,1303,-732,299,0,288,768,299,480,288,768,13,12
522278.295,3246,-104,299,0,288,768,299,480,288,768,13,12
522395.085,-73,1336,299,0,288,768,299,480,288,768,13,12
522514.859999999,2402,-866,299,0,288,768,299,480,288,768,13,12
522629.05,2859,-722,299,0,288,768,299,480,288,768,13,12
522761.989999999,4371,-2346,299,0,288,768,299,480,288,768,13,12
522877.324999998,2509,-1431,299,0,288,768,299,480,288,768,13,12
522987.659999999,2630,-1017,299,0,288,768,299,480,288,768,13,12
523089.945,830,-267,299,0,288,768,299,480,288,768,13,12
523188.054999999,513,842,299,0,288,768,299,480,288,768,13,12
523290.649999999,2534,-992,299,0,288,768,299,480,288,768,13,12
523407.765,2179,-755,299,0,288,768,299,480,288,768,13,12
523528.640000001,2512,-871,299,0,288,768,299,480,288,768,13,12
523662.655,666,116,299,0,288,768,299,480,288,768,13,12
523765.794999999,1919,145,299,0,288,768,299,480,288,768,13,12
523880.955000001,3411,-752,299,0,288,768,299,480,288,768,13,12
523996.745,1603,315,299,0,288,768,299,480,288,768,13,12
524112.709999998,1118,-567,299,0,288,768,299,480,288,768,13,12
524215.564999999,701,317,299,0,288,768,299,480,288,768,13,12
524327.415,648,612,299,0,288,768,299,480,288,768,13,12
524444.794999999,1126,-601,299,0,288,768,299,480,288,768,13,12
524539.775000001,243,657,299,0,288,768,299,480,288,768,13,12
524663.239999998,1090,-980,299,0,288,768,299,480,288,768,13,12
524758.604999999,544,-565,299,0,288,768,299,480,288,768,13,12
524855.224999999,469,109,299,0,288,768,299,480,288,768,13,12
524963.799999998,1348,-734,299,0,288,768,299,480,288,768,13,12
525070.035000001,1005,-431,299,0,288,768,299,480,288,768,13,12
525175.019999999,1979,-591,299,0,288,768,299,480,288,768,13,12
525293.374999997,-1630,2981,299,0,288,768,299,480,288,768,13,12
525400.48,-303,1619,299,0,288,768,299,480,288,768,13,12
525514.195,942,-374,299,0,288,768,299,480,288,768,13,12
525631.579999997,229,1839,299,0,288,768,299,480,288,768,13,12
525731.84,-387,1868,299,0,288,768,299,480,288,768,13,12
525837.654999999,2075,-507,299,0,288,768,299,480,288,768,13,12
525944.459999999,1127,149,299,0,288,768,299,480,288,768,13,12
526050.080000001,2164,627,299,0,288,768,299,480,288,768,13,12
526166.099999999,325,1023,299,0,288,768,299,480,288,768,13,12
526277.715,-243,1156,299,0,288,768,299,480,288,768,13,12
526382.320000001,1916,-94,299,0,288,768,299,480,288,768,13,12
526511.999999999,1516,-314,299,0,288,768,299,480,288,768,13,12
526631.9,1382,-1409,299,0,288,768,299,480,288,768,13,12
526744.415000001,1195,121,299,0,288,768,299,480,288,768,13,12
526847.594999999,934,566,299,0,288,768,299,480,288,768,13,12
526946.28,724,338,299,0,288,768,299,480,288,768,13,12
527068.664999999,1799,-99,299,0,288,768,299,480,288,768,13,12
527246.629999998,541,281,299,0,288,768,299,480,288,768,13,12
527396.695,-856,2130,299,0,288,768,299,480,288,768,13,12
527533.974999998,1171,1287,299,0,288,768,299,480,288,768,13,12
527642.540000001,602,278,299,0,288,768,299,480,288,768,13,12
527764.289999999,341,1594,299,0,288,768,299,480,288,768,13,12
527866.249999999,859,157,299,0,288,768,299,480,288,768,13,12
527978.424999998,1327,472,299,0,288,768,299,480,288,768,13,12
528097.555,-91,1556,299,0,288,768,299,480,288,768,13,12
528212.359999998,2225,-536,299,0,288,768,299,480,288,768,13,12
528347.610000001,-1389,1580,299,0,288,768,299,480,288,768,13,12
528464.724999998,-43,859,299,0,288,768,299,480,288,768,13,12
528585.064999999,1777,1750,299,0,288,768,299,480,288,768,13,12
528698.724999998,85,2245,299,0,288,768,299,480,288,768,13,12
528800.895,1657,-179,299,0,288,768,299,480,288,768,13,12
528916.695,792,305,299,0,288,768,299,480,288,768,13,12
529029.589999998,7,272,299,0,288,768,299,480,288,768,13,12
529146.47,2417,-1444,299,0,288,768,299,480,288,768,13,12
529278.115000001,-1211,2673,299,0,288,768,299,480,288,768,13,12
529399.76,29,712,299,0,288,768,299,480,288,768,13,12
529514.755,1203,771,299,0,288,768,299,480,288,768,13,12
529633.975000001,1990,765,299,0,288,768,299,480,288,768,13,12
529747.469999998,252,357,299,0,288,768,299,480,288,768,13,12
529850.009999998,-1474,1938,299,0,288,768,299,480,288,768,13,12
530014.879999999,3809,-1461,299,0,288,768,299,480,288,768,13,12
530141.795,215,646,299,0,288,768,299,480,288,768,13,12
530278.865,-1000,1310,299,0,288,768,299,480,288,768,13,12
530421.575,-2128,2508,299,0,288,768,299,480,288,768,13,12
530591.424999999,-4267,3491,299,0,288,768,299,480,288,768,13,12
530717.805,5452,-2868,299,0,288,768,299,480,288,768,13,12
530856.684999999,1377,309,299,0,288,768,299,480,288,768,13,12
530995.054999999,922,735,299,0,288,768,299,480,288,768,13,12
531104.139999999,-11750,10146,299,0,288,768,299,480,288,768,13,12
531215.955,-2716,1923,299,0,288,768,299,480,288,768,13,12
531340.394999999,-2983,1206,299,0,288,768,299,480,288,768,13,12
531457.384999998,4017,-888,299,0,288,768,299,480,288,768,13,12
531563.295,-27,2890,299,0,288,768,299,480,288,768,13,12
531665.574999999,1047,2601,299,0,288,768,299,480,288,768,13,12
531795.545000001,-589,2527,299,0,288,768,299,480,288,768,13,12
531911.905000001,1989,-225,299,0,288,768,299,480,288,768,13,12
532015.944999999,1842,45,299,0,288,768,299,480,288,768,13,12
532132.474999998,2191,1940,299,0,288,768,299,480,288,768,13,12
532262.624999999,1922,-260,299,0,288,768,299,480,288,768,13,12
532383.099999999,388,977,299,0,288,768,299,480,288,768,13,12
532487.784999998,1234,790,299,0,288,768,299,480,288,768,13,12
532612.594999999,1394,1731,299,0,288,768,299,480,288,768,13,12
532717.02,-797,1590,299,0,288,768,299,480,288,768,13,12
532827.665000001,814,1292,299,0,288,768,299,480,288,768,13,12
532964.085,724,-914,299,0,288,768,299,480,288,768,13,12
533096.874999999,-628,1905,299,0,288,768,299,480,288,768,13,12
533216.945,-543,1515,299,0,288,768,299,480,288,768,13,12
533329.879999998,-54,2356,299,0,288,768,299,480,288,768,13,12
533448.369999998,1124,969,299,0,288,768,299,480,288,768,13,12
533554.509999998,-1657,3024,299,0,288,768,299,480,288,768,13,12
533680.564999999,-281,675,299,0,288,768,299,480,288,768,13,12
533794.184999999,1930,-211,299,0,288,768,299,480,288,768,13,12
533917.995,98,879,299,0,288,768,299,480,288,768,13,12
534033.065,449,556,299,0,288,768,299,480,288,768,13,12
534149.18,889,721,299,0,288,768,299,480,288,768,13,12
534251.055000001,-944,1849,299,0,288,768,299,480,288,768,13,12
534362.31,85,-5,299,0,288,768,299,480,288,768,13,12
534464.86,177,1398,299,0,288,768,299,480,288,768,13,12
534584.305,728,1229,299,0,288,768,299,480,288,768,13,12
534698.414999999,-655,1801,299,0,288,768,299,480,288,768,13,12
534830.644999998,463,-635,299,0,288,768,299,480,288,768,13,12
534930.29,1564,615,299,0,288,768,299,480,288,768,13,12
535063.67,2612,-660,299,0,288,768,299,480,288,768,13,12
535167.229999999,1911,-263,299,0,288,768,299,480,288,768,13,12
535281.459999998,238,1195,299,0,288,768,299,480,288,768,13,12
535397.685,-553,2798,299,0,288,768,299,480,288,768,13,12
535516.795,1051,449,299,0,288,768,299,480,288,768,13,12
535619.885,-462,1467,299,0,288,768,299,480,288,768,13,12
535724.35,1949,673,299,0,288,768,299,480,288,768,13,12
535851.049999997,-290,1580,299,0,288,768,299,480,288,768,13,12
535981.765,17,466,299,0,288,768,299,480,288,768,13,12
536083.459999998,128,-228,299,0,288,768,299,480,288,768,13,12
536213.609999999,1886,-493,299,0,288,768,299,480,288,768,13,12
536321.71,2611,-1052,299,0,288,768,299,480,288,768,13,12
536427.250000001,2747,-747,299,0,288,768,299,480,288,768,13,12
536549.24,1410,-405,299,0,288,768,299,480,288,768,13,12
536654.95,230,115,299,0,288,768,299,480,288,768,13,12
536767.219999998,1261,-945,299,0,288,768,299,480,288,768,13,12
536899.074999998,1941,-1173,299,0,288,768,299,480,288,768,13,12
536989.654999998,-856,555,299,0,288,768,299,480,288,768,13,12
537093.819999998,890,-967,299,0,288,768,299,480,288,768,13,12
537196.72,2165,-230,299,0,288,768,299,480,288,768,13,12
537303.025000001,-58,956,299,0,288,768,299,480,288,768,13,12
537423.974999998,1520,-1551,299,0,288,768,299,480,288,768,13,12
537536.57,-147,-213,299,0,288,768,299,480,288,768,13,12
537643.13,2011,-577,299,0,288,768,299,480,288,768,13,12
537755.255,661,30,299,0,288,768,299,480,288,768,13,12
537865.924999998,148,733,299,0,288,768,299,480,288,768,13,12
537974.885,438,7,299,0,288,768,299,480,288,768,13,12
538083.37,2294,-1085,299,0,288,768,299,480,288,768,13,12
538205.05,740,-548,299,0,288,768,299,480,288,768,13,12
538333.224999998,3462,-2383,299,0,288,768,299,480,288,768,13,12
538447.389999998,-921,1254,299,0,288,768,299,480,288,768,13,12
538581.819999999,1068,-551,299,0,288,768,299,480,288,768,13,12
538680.659999998,557,527,299,0,288,768,299,480,288,768,13,12
538786.104999999,1513,-366,299,0,288,768,299,480,288,768,13,12
538913.829999998,823,-322,299,0,288,768,299,480,288,768,13,12
539013.009999999,106,1148,299,0,288,768,299,480,288,768,13,12
539132.924999998,1734,-496,299,0,288,768,299,480,288,768,13,12
